drug_id,main_name,brand_count,questions_generated,expected_ratio,elapsed_ms,provider,model
일반원칙_경구용_항뇌전증약_007a2e28,경구용 항뇌전증약,1,5,"{'MAIN': 0.42, 'BRAND': 0.31, 'BOTH': 0.27}",4219,openai,gpt-4o-mini
일반원칙_간장용제_b54ee5da,간장용제,0,5,"{'MAIN': 0.8, 'BRAND': 0.0, 'BOTH': 0.2}",4609,openai,gpt-4o-mini
일반원칙_경구용_만성_B형간염치료제_4de1873e,경구용 만성 B형간염치료제,1,6,"{'MAIN': 0.4, 'BRAND': 0.33, 'BOTH': 0.27}",5391,openai,gpt-4o-mini
일반원칙_경구용_서방형제제_정제_캡슐제_과립제_분할_처_e6238925,"경구용 서방형제제 (정제, 캡슐제, 과립제) 분할 처방·투여 기준",0,0,"{'MAIN': 0.71, 'BRAND': 0.0, 'BOTH': 0.29}",5437,openai,gpt-4o-mini
일반원칙_경구용_뇌대사개선제_Neuroprotectiv_e2d6e30f,경구용 뇌대사개선제 (Neuroprotective agents),0,0,"{'MAIN': 0.75, 'BRAND': 0.0, 'BOTH': 0.25}",5952,openai,gpt-4o-mini
일반원칙_고지혈증치료제_bf0f0df7,고지혈증치료제,0,5,"{'MAIN': 0.8, 'BRAND': 0.0, 'BOTH': 0.2}",4217,openai,gpt-4o-mini
일반원칙_골다공증치료제_06e81f46,골다공증치료제,1,5,"{'MAIN': 0.37, 'BRAND': 0.33, 'BOTH': 0.3}",4390,openai,gpt-4o-mini
일반원칙_고가의약품_급여관리에_관한_기준_bf30a270,고가의약품 급여관리에 관한 기준,0,0,"{'MAIN': 0.79, 'BRAND': 0.0, 'BOTH': 0.21}",5952,openai,gpt-4o-mini
일반원칙_경구용_항혈전제_항혈소판제_및_Heparino_98eb9ea0,경구용 항혈전제 (항혈소판제 및 Heparinoid 제제),2,0,"{'MAIN': 0.38, 'BRAND': 0.37, 'BOTH': 0.25}",11187,openai,gpt-4o-mini
일반원칙_고혈압약제_f7a7936d,고혈압약제,0,6,"{'MAIN': 0.7, 'BRAND': 0.0, 'BOTH': 0.3}",7327,openai,gpt-4o-mini
일반원칙_뇌대사제제_및_뇌순환계용약_주사제_5e5af17c,뇌대사제제 및 뇌순환계용약 주사제,0,4,"{'MAIN': 0.71, 'BRAND': 0.0, 'BOTH': 0.29}",4484,openai,gpt-4o-mini
일반원칙_국민건강보험_요양급여의_기준에_관한_규칙_제5_4dac691b,국민건강보험 요양급여의 기준에 관한 규칙 제5조제4항에 의하여 중증환자 중 암환자에게 처방·투여하는 약제로서 건강보험심사평가원장이 정하여 공고하는 약제의 범위 및 비용부담,0,0,"{'MAIN': 0.75, 'BRAND': 0.0, 'BOTH': 0.25}",9750,openai,gpt-4o-mini
일반원칙_국소지혈제_827be480,국소지혈제,0,7,"{'MAIN': 0.73, 'BRAND': 0.0, 'BOTH': 0.27}",6922,openai,gpt-4o-mini
일반원칙_기관지천식_치료용흡입제_fd002e6b,기관지천식 치료용흡입제,0,5,"{'MAIN': 0.79, 'BRAND': 0.0, 'BOTH': 0.21}",7234,openai,gpt-4o-mini
일반원칙_내용액제_시럽_및_현탁액_등_11d9589e,내용액제 (시럽 및 현탁액 등),2,1,"{'MAIN': 0.34, 'BRAND': 0.38, 'BOTH': 0.28}",7187,openai,gpt-4o-mini
일반원칙_당뇨병용제_d8ec4638,당뇨병용제,2,8,"{'MAIN': 0.33, 'BRAND': 0.36, 'BOTH': 0.31}",7280,openai,gpt-4o-mini
일반원칙_동일성분_의약품_중복처방_관리에_관한_기준_19350e6f,동일성분 의약품 중복처방 관리에 관한 기준,0,0,"{'MAIN': 0.78, 'BRAND': 0.0, 'BOTH': 0.22}",4797,openai,gpt-4o-mini
일반원칙_마약성_진통제_734bf09b,마약성 진통제,0,2,"{'MAIN': 0.79, 'BRAND': 0.0, 'BOTH': 0.21}",6297,openai,gpt-4o-mini
일반원칙_메르스_코로나바이러스_MERSCoV_및_코로나_44942795,메르스 코로나바이러스 (MERS-CoV) 및 코로나바이러스 감염증-19 (COVID-19) 치료제,2,0,"{'MAIN': 0.31, 'BRAND': 0.37, 'BOTH': 0.32}",6407,openai,gpt-4o-mini
일반원칙_병용금기_성분_특정연령대_금기_성분_및_임부금_ef79b2ea,"병용금기 성분, 특정연령대 금기 성분 및 임부금기 성분",0,0,"{'MAIN': 0.78, 'BRAND': 0.0, 'BOTH': 0.22}",5687,openai,gpt-4o-mini
일반원칙_보조생식술에_사용되는_호르몬_약제_006bcf99,보조생식술에 사용되는 호르몬 약제,0,0,"{'MAIN': 0.72, 'BRAND': 0.0, 'BOTH': 0.28}",5422,openai,gpt-4o-mini
일반원칙_비용효과적인_함량_의약품_사용_a1ff2e03,비용효과적인 함량 의약품 사용,0,2,"{'MAIN': 0.74, 'BRAND': 0.0, 'BOTH': 0.26}",4062,openai,gpt-4o-mini
일반원칙_안연고_71d95412,안연고,0,4,"{'MAIN': 0.75, 'BRAND': 0.0, 'BOTH': 0.25}",4109,openai,gpt-4o-mini
일반원칙_비결핵항산균_NTM_NonTuberculous_470ebd4e,"비결핵항산균 (NTM, Non-Tuberculous Mycobacteria) 치료제",0,0,"{'MAIN': 0.73, 'BRAND': 0.0, 'BOTH': 0.27}",6282,openai,gpt-4o-mini
일반원칙_비타민제_718538bc,비타민제,0,5,"{'MAIN': 0.75, 'BRAND': 0.0, 'BOTH': 0.25}",4702,openai,gpt-4o-mini
일반원칙_암질환이_아닌_환자에서의_조혈모세포이식_전처치_57a413c6,암질환이 아닌 환자에서의 조혈모세포이식 전처치요법 (Conditioning therapy),0,0,"{'MAIN': 0.78, 'BRAND': 0.0, 'BOTH': 0.22}",4891,openai,gpt-4o-mini
일반원칙_주사제의_자가주사_및_장기처방_d10963ea,주사제의 자가주사 및 장기처방,0,0,"{'MAIN': 0.72, 'BRAND': 0.0, 'BOTH': 0.28}",4484,openai,gpt-4o-mini
일반원칙_요오드_조영제_c3c4a91a,요오드 조영제,0,3,"{'MAIN': 0.73, 'BRAND': 0.0, 'BOTH': 0.27}",8280,openai,gpt-4o-mini
일반원칙_폐경기증후군에_투여하는_약제_8a1ee62b,폐경기증후군에 투여하는 약제,0,0,"{'MAIN': 0.77, 'BRAND': 0.0, 'BOTH': 0.23}",5125,openai,gpt-4o-mini
일반원칙_진해거담제_c3af7c35,진해거담제,0,8,"{'MAIN': 0.72, 'BRAND': 0.0, 'BOTH': 0.28}",6625,openai,gpt-4o-mini
일반원칙_폐경_후_호르몬요법_인정기준_356f508d,폐경 후 호르몬요법 인정기준,0,0,"{'MAIN': 0.71, 'BRAND': 0.0, 'BOTH': 0.29}",6765,openai,gpt-4o-mini
일반원칙_폐동맥고혈압_약제_f4237727,폐동맥고혈압 약제,0,4,"{'MAIN': 0.75, 'BRAND': 0.0, 'BOTH': 0.25}",6390,openai,gpt-4o-mini
일반원칙_필수경구약제_de4e7c5e,필수경구약제,2,4,"{'MAIN': 0.31, 'BRAND': 0.39, 'BOTH': 0.3}",5968,openai,gpt-4o-mini
일반원칙_항생제_1fcc6be9,항생제,0,5,"{'MAIN': 0.73, 'BRAND': 0.0, 'BOTH': 0.27}",4422,openai,gpt-4o-mini
일반원칙_항생제_및_항원충제_2f475ec0,항생제 및 항원충제,0,2,"{'MAIN': 0.73, 'BRAND': 0.0, 'BOTH': 0.27}",5079,openai,gpt-4o-mini
일반원칙_항파킨슨_약제_629064fb,항파킨슨 약제,0,3,"{'MAIN': 0.76, 'BRAND': 0.0, 'BOTH': 0.24}",6594,openai,gpt-4o-mini
일반원칙_향정신성약물_562cf9d7,향정신성약물,2,2,"{'MAIN': 0.3, 'BRAND': 0.31, 'BOTH': 0.39}",5875,openai,gpt-4o-mini
일반원칙_항진균제_a5590977,항진균제,0,1,"{'MAIN': 0.8, 'BRAND': 0.0, 'BOTH': 0.2}",7921,openai,gpt-4o-mini
일반원칙_허가_또는_신고범위_초과_약제_비급여_사용승인_3feced53,허가 또는 신고범위 초과 약제 비급여 사용승인에 관한 기준 및 절차,0,0,"{'MAIN': 0.79, 'BRAND': 0.0, 'BOTH': 0.21}",6172,openai,gpt-4o-mini
일반원칙_흡입마취에_사용되는_약제_5449548c,흡입마취에 사용되는 약제,2,3,"{'MAIN': 0.34, 'BRAND': 0.32, 'BOTH': 0.34}",6562,openai,gpt-4o-mini
일반원칙_Probiotics_정장생균제_67580bf1,Probiotics (정장생균제),0,0,"{'MAIN': 0.71, 'BRAND': 0.0, 'BOTH': 0.29}",5295,openai,gpt-4o-mini
111.0,전신마취제,0,4,"{'MAIN': 0.78, 'BRAND': 0.0, 'BOTH': 0.22}",3077,openai,gpt-4o-mini
111.0,전신마취제,0,5,"{'MAIN': 0.75, 'BRAND': 0.0, 'BOTH': 0.25}",4045,openai,gpt-4o-mini
111.0,전신마취제,0,5,"{'MAIN': 0.79, 'BRAND': 0.0, 'BOTH': 0.21}",4234,openai,gpt-4o-mini
112.0,최면진정제,0,6,"{'MAIN': 0.71, 'BRAND': 0.0, 'BOTH': 0.29}",4920,openai,gpt-4o-mini
113.0,항전간제,1,3,"{'MAIN': 0.45, 'BRAND': 0.32, 'BOTH': 0.23}",4140,openai,gpt-4o-mini
113.0,항전간제,0,5,"{'MAIN': 0.72, 'BRAND': 0.0, 'BOTH': 0.28}",4532,openai,gpt-4o-mini
113.0,항전간제,0,4,"{'MAIN': 0.73, 'BRAND': 0.0, 'BOTH': 0.27}",4015,openai,gpt-4o-mini
113.0,항전간제,0,5,"{'MAIN': 0.73, 'BRAND': 0.0, 'BOTH': 0.27}",3984,openai,gpt-4o-mini
113.0,항전간제,1,2,"{'MAIN': 0.41, 'BRAND': 0.4, 'BOTH': 0.19}",5797,openai,gpt-4o-mini
113.0,항전간제,0,4,"{'MAIN': 0.77, 'BRAND': 0.0, 'BOTH': 0.23}",3765,openai,gpt-4o-mini
113.0,항전간제,0,0,"{'MAIN': 0.76, 'BRAND': 0.0, 'BOTH': 0.24}",4172,openai,gpt-4o-mini
113.0,항전간제,0,5,"{'MAIN': 0.75, 'BRAND': 0.0, 'BOTH': 0.25}",4250,openai,gpt-4o-mini
113.0,항전간제,0,4,"{'MAIN': 0.7, 'BRAND': 0.0, 'BOTH': 0.3}",4390,openai,gpt-4o-mini
113.0,항전간제,0,4,"{'MAIN': 0.77, 'BRAND': 0.0, 'BOTH': 0.23}",4297,openai,gpt-4o-mini
114.0,"해열, 진통, 소염제",0,4,"{'MAIN': 0.76, 'BRAND': 0.0, 'BOTH': 0.24}",3437,openai,gpt-4o-mini
113.0,항전간제,0,6,"{'MAIN': 0.74, 'BRAND': 0.0, 'BOTH': 0.26}",4407,openai,gpt-4o-mini
114.0,"해열, 진통, 소염제",0,3,"{'MAIN': 0.73, 'BRAND': 0.0, 'BOTH': 0.27}",4813,openai,gpt-4o-mini
114.0,"해열, 진통, 소염제",0,5,"{'MAIN': 0.75, 'BRAND': 0.0, 'BOTH': 0.25}",3797,openai,gpt-4o-mini
114.0,"해열, 진통, 소염제",0,5,"{'MAIN': 0.71, 'BRAND': 0.0, 'BOTH': 0.29}",4483,openai,gpt-4o-mini
114.0,"해열, 진통, 소염제",0,4,"{'MAIN': 0.72, 'BRAND': 0.0, 'BOTH': 0.28}",4531,openai,gpt-4o-mini
114.0,"해열, 진통, 소염제",0,5,"{'MAIN': 0.72, 'BRAND': 0.0, 'BOTH': 0.28}",7452,openai,gpt-4o-mini
114.0,"해열, 진통, 소염제",0,5,"{'MAIN': 0.73, 'BRAND': 0.0, 'BOTH': 0.27}",4045,openai,gpt-4o-mini
114.0,"해열, 진통, 소염제",0,0,"{'MAIN': 0.74, 'BRAND': 0.0, 'BOTH': 0.26}",5125,openai,gpt-4o-mini
114.0,"해열, 진통, 소염제",0,5,"{'MAIN': 0.71, 'BRAND': 0.0, 'BOTH': 0.29}",5436,openai,gpt-4o-mini
115.0,"각성제, 흥분제",0,3,"{'MAIN': 0.76, 'BRAND': 0.0, 'BOTH': 0.24}",4297,openai,gpt-4o-mini
115.0,"각성제, 흥분제",0,5,"{'MAIN': 0.77, 'BRAND': 0.0, 'BOTH': 0.23}",4015,openai,gpt-4o-mini
117.0,정신신경용제,0,5,"{'MAIN': 0.77, 'BRAND': 0.0, 'BOTH': 0.23}",4000,openai,gpt-4o-mini
117.0,정신신경용제,0,7,"{'MAIN': 0.77, 'BRAND': 0.0, 'BOTH': 0.23}",4969,openai,gpt-4o-mini
117.0,정신신경용제,0,5,"{'MAIN': 0.75, 'BRAND': 0.0, 'BOTH': 0.25}",4437,openai,gpt-4o-mini
117.0,정신신경용제,0,4,"{'MAIN': 0.72, 'BRAND': 0.0, 'BOTH': 0.28}",4016,openai,gpt-4o-mini
117.0,정신신경용제,0,5,"{'MAIN': 0.77, 'BRAND': 0.0, 'BOTH': 0.23}",4859,openai,gpt-4o-mini
117.0,정신신경용제,0,6,"{'MAIN': 0.79, 'BRAND': 0.0, 'BOTH': 0.21}",4952,openai,gpt-4o-mini
117.0,정신신경용제,0,4,"{'MAIN': 0.73, 'BRAND': 0.0, 'BOTH': 0.27}",4422,openai,gpt-4o-mini
117.0,정신신경용제,0,5,"{'MAIN': 0.71, 'BRAND': 0.0, 'BOTH': 0.29}",4030,openai,gpt-4o-mini
117.0,정신신경용제,0,6,"{'MAIN': 0.79, 'BRAND': 0.0, 'BOTH': 0.21}",4765,openai,gpt-4o-mini
117.0,정신신경용제,0,2,"{'MAIN': 0.74, 'BRAND': 0.0, 'BOTH': 0.26}",4765,openai,gpt-4o-mini
117.0,정신신경용제,0,4,"{'MAIN': 0.8, 'BRAND': 0.0, 'BOTH': 0.2}",3141,openai,gpt-4o-mini
117.0,정신신경용제,0,4,"{'MAIN': 0.72, 'BRAND': 0.0, 'BOTH': 0.28}",3984,openai,gpt-4o-mini
117.0,정신신경용제,0,4,"{'MAIN': 0.73, 'BRAND': 0.0, 'BOTH': 0.27}",3906,openai,gpt-4o-mini
117.0,정신신경용제,0,5,"{'MAIN': 0.76, 'BRAND': 0.0, 'BOTH': 0.24}",4187,openai,gpt-4o-mini
117.0,정신신경용제,0,5,"{'MAIN': 0.74, 'BRAND': 0.0, 'BOTH': 0.26}",4187,openai,gpt-4o-mini
117.0,정신신경용제,1,5,"{'MAIN': 0.39, 'BRAND': 0.37, 'BOTH': 0.24}",5859,openai,gpt-4o-mini
117.0,정신신경용제,0,5,"{'MAIN': 0.78, 'BRAND': 0.0, 'BOTH': 0.22}",4608,openai,gpt-4o-mini
117.0,정신신경용제,0,6,"{'MAIN': 0.74, 'BRAND': 0.0, 'BOTH': 0.26}",5250,openai,gpt-4o-mini
119.0,기타의 중추신경용약,0,0,"{'MAIN': 0.74, 'BRAND': 0.0, 'BOTH': 0.26}",3827,openai,gpt-4o-mini
119.0,기타의 중추신경용약,0,1,"{'MAIN': 0.75, 'BRAND': 0.0, 'BOTH': 0.25}",4453,openai,gpt-4o-mini
117.0,정신신경용제,0,6,"{'MAIN': 0.75, 'BRAND': 0.0, 'BOTH': 0.25}",6030,openai,gpt-4o-mini
119.0,기타의 중추신경용약,0,5,"{'MAIN': 0.76, 'BRAND': 0.0, 'BOTH': 0.24}",4359,openai,gpt-4o-mini
119.0,기타의 중추신경용약,0,2,"{'MAIN': 0.74, 'BRAND': 0.0, 'BOTH': 0.26}",4422,openai,gpt-4o-mini
119.0,기타의 중추신경용약,0,0,"{'MAIN': 0.71, 'BRAND': 0.0, 'BOTH': 0.29}",4172,openai,gpt-4o-mini
119.0,기타의 중추신경용약,0,0,"{'MAIN': 0.75, 'BRAND': 0.0, 'BOTH': 0.25}",4608,openai,gpt-4o-mini
119.0,기타의 중추신경용약,0,0,"{'MAIN': 0.79, 'BRAND': 0.0, 'BOTH': 0.21}",4327,openai,gpt-4o-mini
119.0,기타의 중추신경용약,0,5,"{'MAIN': 0.77, 'BRAND': 0.0, 'BOTH': 0.23}",3687,openai,gpt-4o-mini
119.0,기타의 중추신경용약,1,2,"{'MAIN': 0.43, 'BRAND': 0.39, 'BOTH': 0.18}",5827,openai,gpt-4o-mini
119.0,기타의 중추신경용약,0,3,"{'MAIN': 0.78, 'BRAND': 0.0, 'BOTH': 0.22}",4547,openai,gpt-4o-mini
119.0,기타의 중추신경용약,0,0,"{'MAIN': 0.72, 'BRAND': 0.0, 'BOTH': 0.28}",3937,openai,gpt-4o-mini
119.0,기타의 중추신경용약,0,6,"{'MAIN': 0.72, 'BRAND': 0.0, 'BOTH': 0.28}",4391,openai,gpt-4o-mini
119.0,기타의 중추신경용약,0,4,"{'MAIN': 0.78, 'BRAND': 0.0, 'BOTH': 0.22}",5437,openai,gpt-4o-mini
119.0,기타의 중추신경용약,0,4,"{'MAIN': 0.74, 'BRAND': 0.0, 'BOTH': 0.26}",3641,openai,gpt-4o-mini
119.0,기타의 중추신경용약,1,1,"{'MAIN': 0.44, 'BRAND': 0.33, 'BOTH': 0.23}",5092,openai,gpt-4o-mini
119.0,기타의 중추신경용약,0,2,"{'MAIN': 0.78, 'BRAND': 0.0, 'BOTH': 0.22}",3827,openai,gpt-4o-mini
119.0,기타의 중추신경용약,1,4,"{'MAIN': 0.41, 'BRAND': 0.4, 'BOTH': 0.19}",5375,openai,gpt-4o-mini
119.0,기타의 중추신경용약,0,5,"{'MAIN': 0.7, 'BRAND': 0.0, 'BOTH': 0.3}",4420,openai,gpt-4o-mini
119.0,기타의 중추신경용약,1,1,"{'MAIN': 0.44, 'BRAND': 0.37, 'BOTH': 0.19}",5500,openai,gpt-4o-mini
119.0,기타의 중추신경용약,1,5,"{'MAIN': 0.44, 'BRAND': 0.34, 'BOTH': 0.22}",5672,openai,gpt-4o-mini
119.0,기타의 중추신경용약,0,5,"{'MAIN': 0.73, 'BRAND': 0.0, 'BOTH': 0.27}",4031,openai,gpt-4o-mini
121.0,국소마취제,0,4,"{'MAIN': 0.74, 'BRAND': 0.0, 'BOTH': 0.26}",3625,openai,gpt-4o-mini
119.0,기타의 중추신경용약,1,7,"{'MAIN': 0.45, 'BRAND': 0.37, 'BOTH': 0.18}",6625,openai,gpt-4o-mini
119.0,기타의 중추신경용약,0,0,"{'MAIN': 0.79, 'BRAND': 0.0, 'BOTH': 0.21}",4530,openai,gpt-4o-mini
121.0,국소마취제,0,3,"{'MAIN': 0.77, 'BRAND': 0.0, 'BOTH': 0.23}",3984,openai,gpt-4o-mini
122.0,골격근이완제,0,4,"{'MAIN': 0.74, 'BRAND': 0.0, 'BOTH': 0.26}",3422,openai,gpt-4o-mini
122.0,골격근이완제,0,1,"{'MAIN': 0.7, 'BRAND': 0.0, 'BOTH': 0.3}",4030,openai,gpt-4o-mini
123.0,자율신경제,0,5,"{'MAIN': 0.76, 'BRAND': 0.0, 'BOTH': 0.24}",4500,openai,gpt-4o-mini
123.0,자율신경제,0,5,"{'MAIN': 0.76, 'BRAND': 0.0, 'BOTH': 0.24}",4219,openai,gpt-4o-mini
123.0,자율신경제,0,2,"{'MAIN': 0.8, 'BRAND': 0.0, 'BOTH': 0.2}",4187,openai,gpt-4o-mini
122.0,골격근이완제,0,5,"{'MAIN': 0.75, 'BRAND': 0.0, 'BOTH': 0.25}",7047,openai,gpt-4o-mini
129.0,기타의 말초신경용약,0,0,"{'MAIN': 0.77, 'BRAND': 0.0, 'BOTH': 0.23}",3812,openai,gpt-4o-mini
124.0,진경제,0,4,"{'MAIN': 0.76, 'BRAND': 0.0, 'BOTH': 0.24}",4594,openai,gpt-4o-mini
131.0,안과용제,0,4,"{'MAIN': 0.79, 'BRAND': 0.0, 'BOTH': 0.21}",3327,openai,gpt-4o-mini
131.0,안과용제,0,1,"{'MAIN': 0.77, 'BRAND': 0.0, 'BOTH': 0.23}",3515,openai,gpt-4o-mini
131.0,안과용제,0,0,"{'MAIN': 0.72, 'BRAND': 0.0, 'BOTH': 0.28}",5327,openai,gpt-4o-mini
131.0,안과용제,0,4,"{'MAIN': 0.73, 'BRAND': 0.0, 'BOTH': 0.27}",3125,openai,gpt-4o-mini
131.0,안과용제,0,3,"{'MAIN': 0.75, 'BRAND': 0.0, 'BOTH': 0.25}",3422,openai,gpt-4o-mini
131.0,안과용제,1,3,"{'MAIN': 0.41, 'BRAND': 0.39, 'BOTH': 0.2}",4375,openai,gpt-4o-mini
131.0,안과용제,0,4,"{'MAIN': 0.74, 'BRAND': 0.0, 'BOTH': 0.26}",3577,openai,gpt-4o-mini
131.0,안과용제,0,5,"{'MAIN': 0.7, 'BRAND': 0.0, 'BOTH': 0.3}",3969,openai,gpt-4o-mini
131.0,안과용제,1,3,"{'MAIN': 0.35, 'BRAND': 0.37, 'BOTH': 0.28}",7250,openai,gpt-4o-mini
131.0,안과용제,0,6,"{'MAIN': 0.79, 'BRAND': 0.0, 'BOTH': 0.21}",4936,openai,gpt-4o-mini
131.0,안과용제,0,3,"{'MAIN': 0.71, 'BRAND': 0.0, 'BOTH': 0.29}",4906,openai,gpt-4o-mini
132.0,이비과용제,0,4,"{'MAIN': 0.71, 'BRAND': 0.0, 'BOTH': 0.29}",3593,openai,gpt-4o-mini
131.0,안과용제,0,7,"{'MAIN': 0.71, 'BRAND': 0.0, 'BOTH': 0.29}",5844,openai,gpt-4o-mini
132.0,이비과용제,0,5,"{'MAIN': 0.73, 'BRAND': 0.0, 'BOTH': 0.27}",3937,openai,gpt-4o-mini
131.0,안과용제,0,6,"{'MAIN': 0.79, 'BRAND': 0.0, 'BOTH': 0.21}",4782,openai,gpt-4o-mini
141.0,항히스타민제,0,4,"{'MAIN': 0.7, 'BRAND': 0.0, 'BOTH': 0.3}",3125,openai,gpt-4o-mini
132.0,이비과용제,0,4,"{'MAIN': 0.77, 'BRAND': 0.0, 'BOTH': 0.23}",5155,openai,gpt-4o-mini
132.0,이비과용제,0,5,"{'MAIN': 0.8, 'BRAND': 0.0, 'BOTH': 0.2}",6125,openai,gpt-4o-mini
141.0,항히스타민제,0,6,"{'MAIN': 0.72, 'BRAND': 0.0, 'BOTH': 0.28}",4359,openai,gpt-4o-mini
142.0,자격료법제(비특이성 면역원제포함),0,0,"{'MAIN': 0.75, 'BRAND': 0.0, 'BOTH': 0.25}",4812,openai,gpt-4o-mini
141.0,항히스타민제,0,5,"{'MAIN': 0.74, 'BRAND': 0.0, 'BOTH': 0.26}",7250,openai,gpt-4o-mini
142.0,자격료법제(비특이성 면역원제포함),0,0,"{'MAIN': 0.75, 'BRAND': 0.0, 'BOTH': 0.25}",4765,openai,gpt-4o-mini
142.0,자격료법제(비특이성 면역원제포함),0,0,"{'MAIN': 0.73, 'BRAND': 0.0, 'BOTH': 0.27}",4188,openai,gpt-4o-mini
142.0,자격료법제(비특이성 면역원제포함),0,0,"{'MAIN': 0.76, 'BRAND': 0.0, 'BOTH': 0.24}",3968,openai,gpt-4o-mini
142.0,자격료법제(비특이성 면역원제포함),0,0,"{'MAIN': 0.78, 'BRAND': 0.0, 'BOTH': 0.22}",4734,openai,gpt-4o-mini
142.0,자격료법제(비특이성 면역원제포함),2,0,"{'MAIN': 0.31, 'BRAND': 0.38, 'BOTH': 0.31}",6906,openai,gpt-4o-mini
142.0,자격료법제(비특이성 면역원제포함),1,0,"{'MAIN': 0.36, 'BRAND': 0.38, 'BOTH': 0.26}",4077,openai,gpt-4o-mini
142.0,자격료법제(비특이성 면역원제포함),0,0,"{'MAIN': 0.78, 'BRAND': 0.0, 'BOTH': 0.22}",4656,openai,gpt-4o-mini
142.0,자격료법제(비특이성 면역원제포함),0,0,"{'MAIN': 0.75, 'BRAND': 0.0, 'BOTH': 0.25}",3734,openai,gpt-4o-mini
142.0,자격료법제(비특이성 면역원제포함),0,0,"{'MAIN': 0.75, 'BRAND': 0.0, 'BOTH': 0.25}",6780,openai,gpt-4o-mini
142.0,자격료법제(비특이성 면역원제포함),2,0,"{'MAIN': 0.31, 'BRAND': 0.31, 'BOTH': 0.38}",4797,openai,gpt-4o-mini
142.0,자격료법제(비특이성 면역원제포함),2,0,"{'MAIN': 0.38, 'BRAND': 0.32, 'BOTH': 0.3}",7045,openai,gpt-4o-mini
142.0,자격료법제(비특이성 면역원제포함),2,0,"{'MAIN': 0.4, 'BRAND': 0.37, 'BOTH': 0.23}",7561,openai,gpt-4o-mini
142.0,자격료법제(비특이성 면역원제포함),0,0,"{'MAIN': 0.77, 'BRAND': 0.0, 'BOTH': 0.23}",4594,openai,gpt-4o-mini
142.0,자격료법제(비특이성 면역원제포함),1,0,"{'MAIN': 0.4, 'BRAND': 0.3, 'BOTH': 0.3}",5312,openai,gpt-4o-mini
142.0,자격료법제(비특이성 면역원제포함),0,0,"{'MAIN': 0.76, 'BRAND': 0.0, 'BOTH': 0.24}",4765,openai,gpt-4o-mini
142.0,자격료법제(비특이성 면역원제포함),0,0,"{'MAIN': 0.73, 'BRAND': 0.0, 'BOTH': 0.27}",3797,openai,gpt-4o-mini
142.0,자격료법제(비특이성 면역원제포함),1,0,"{'MAIN': 0.38, 'BRAND': 0.33, 'BOTH': 0.29}",5844,openai,gpt-4o-mini
142.0,자격료법제(비특이성 면역원제포함),0,0,"{'MAIN': 0.75, 'BRAND': 0.0, 'BOTH': 0.25}",6577,openai,gpt-4o-mini
142.0,자격료법제(비특이성 면역원제포함),2,0,"{'MAIN': 0.3, 'BRAND': 0.39, 'BOTH': 0.31}",5983,openai,gpt-4o-mini
142.0,자격료법제(비특이성 면역원제포함),1,0,"{'MAIN': 0.41, 'BRAND': 0.33, 'BOTH': 0.26}",6312,openai,gpt-4o-mini
142.0,자격료법제(비특이성 면역원제포함),0,0,"{'MAIN': 0.79, 'BRAND': 0.0, 'BOTH': 0.21}",5047,openai,gpt-4o-mini
142.0,자격료법제(비특이성 면역원제포함),0,0,"{'MAIN': 0.73, 'BRAND': 0.0, 'BOTH': 0.27}",5891,openai,gpt-4o-mini
142.0,자격료법제(비특이성 면역원제포함),0,0,"{'MAIN': 0.71, 'BRAND': 0.0, 'BOTH': 0.29}",5016,openai,gpt-4o-mini
142.0,자격료법제(비특이성 면역원제포함),4,0,"{'MAIN': 0.31, 'BRAND': 0.32, 'BOTH': 0.37}",7875,openai,gpt-4o-mini
142.0,자격료법제(비특이성 면역원제포함),6,0,"{'MAIN': 0.37, 'BRAND': 0.36, 'BOTH': 0.27}",7280,openai,gpt-4o-mini
149.0,기타의 알레르기용약,0,5,"{'MAIN': 0.76, 'BRAND': 0.0, 'BOTH': 0.24}",4655,openai,gpt-4o-mini
142.0,자격료법제(비특이성 면역원제포함),4,0,"{'MAIN': 0.33, 'BRAND': 0.33, 'BOTH': 0.34}",9437,openai,gpt-4o-mini
149.0,기타의 알레르기용약,0,0,"{'MAIN': 0.79, 'BRAND': 0.0, 'BOTH': 0.21}",3952,openai,gpt-4o-mini
142.0,자격료법제(비특이성 면역원제포함),5,0,"{'MAIN': 0.38, 'BRAND': 0.34, 'BOTH': 0.28}",8984,openai,gpt-4o-mini
149.0,기타의 알레르기용약,0,5,"{'MAIN': 0.72, 'BRAND': 0.0, 'BOTH': 0.28}",3875,openai,gpt-4o-mini
211.0,강심제,0,5,"{'MAIN': 0.72, 'BRAND': 0.0, 'BOTH': 0.28}",4077,openai,gpt-4o-mini
211.0,강심제,0,5,"{'MAIN': 0.72, 'BRAND': 0.0, 'BOTH': 0.28}",3670,openai,gpt-4o-mini
149.0,기타의 알레르기용약,0,1,"{'MAIN': 0.79, 'BRAND': 0.0, 'BOTH': 0.21}",6469,openai,gpt-4o-mini
212.0,부정맥용제,0,4,"{'MAIN': 0.76, 'BRAND': 0.0, 'BOTH': 0.24}",5875,openai,gpt-4o-mini
212.0,부정맥용제,1,3,"{'MAIN': 0.43, 'BRAND': 0.3, 'BOTH': 0.27}",4702,openai,gpt-4o-mini
212.0,부정맥용제,0,5,"{'MAIN': 0.74, 'BRAND': 0.0, 'BOTH': 0.26}",3907,openai,gpt-4o-mini
212.0,부정맥용제,0,5,"{'MAIN': 0.76, 'BRAND': 0.0, 'BOTH': 0.24}",4594,openai,gpt-4o-mini
212.0,부정맥용제,1,3,"{'MAIN': 0.42, 'BRAND': 0.39, 'BOTH': 0.19}",4844,openai,gpt-4o-mini
214.0,혈압강하제,0,5,"{'MAIN': 0.73, 'BRAND': 0.0, 'BOTH': 0.27}",4375,openai,gpt-4o-mini
214.0,혈압강하제,0,5,"{'MAIN': 0.73, 'BRAND': 0.0, 'BOTH': 0.27}",3890,openai,gpt-4o-mini
214.0,혈압강하제,0,5,"{'MAIN': 0.8, 'BRAND': 0.0, 'BOTH': 0.2}",4140,openai,gpt-4o-mini
214.0,혈압강하제,0,4,"{'MAIN': 0.73, 'BRAND': 0.0, 'BOTH': 0.27}",4250,openai,gpt-4o-mini
214.0,혈압강하제,0,4,"{'MAIN': 0.71, 'BRAND': 0.0, 'BOTH': 0.29}",3344,openai,gpt-4o-mini
214.0,혈압강하제,0,2,"{'MAIN': 0.72, 'BRAND': 0.0, 'BOTH': 0.28}",3358,openai,gpt-4o-mini
214.0,혈압강하제,0,5,"{'MAIN': 0.72, 'BRAND': 0.0, 'BOTH': 0.28}",3750,openai,gpt-4o-mini
214.0,혈압강하제,0,5,"{'MAIN': 0.71, 'BRAND': 0.0, 'BOTH': 0.29}",4844,openai,gpt-4o-mini
214.0,혈압강하제,0,4,"{'MAIN': 0.71, 'BRAND': 0.0, 'BOTH': 0.29}",3422,openai,gpt-4o-mini
214.0,혈압강하제,0,5,"{'MAIN': 0.8, 'BRAND': 0.0, 'BOTH': 0.2}",4390,openai,gpt-4o-mini
217.0,혈관확장제,0,5,"{'MAIN': 0.8, 'BRAND': 0.0, 'BOTH': 0.2}",5530,openai,gpt-4o-mini
214.0,혈압강하제,0,4,"{'MAIN': 0.72, 'BRAND': 0.0, 'BOTH': 0.28}",7967,openai,gpt-4o-mini
214.0,혈압강하제,1,6,"{'MAIN': 0.41, 'BRAND': 0.39, 'BOTH': 0.2}",6750,openai,gpt-4o-mini
217.0,혈관확장제,0,4,"{'MAIN': 0.78, 'BRAND': 0.0, 'BOTH': 0.22}",3515,openai,gpt-4o-mini
217.0,혈관확장제,0,2,"{'MAIN': 0.76, 'BRAND': 0.0, 'BOTH': 0.24}",4187,openai,gpt-4o-mini
217.0,혈관확장제,0,5,"{'MAIN': 0.78, 'BRAND': 0.0, 'BOTH': 0.22}",3719,openai,gpt-4o-mini
217.0,혈관확장제,0,5,"{'MAIN': 0.72, 'BRAND': 0.0, 'BOTH': 0.28}",3954,openai,gpt-4o-mini
217.0,혈관확장제,0,5,"{'MAIN': 0.73, 'BRAND': 0.0, 'BOTH': 0.27}",4282,openai,gpt-4o-mini
217.0,혈관확장제,0,4,"{'MAIN': 0.76, 'BRAND': 0.0, 'BOTH': 0.24}",3843,openai,gpt-4o-mini
218.0,동맥경화용제,0,5,"{'MAIN': 0.75, 'BRAND': 0.0, 'BOTH': 0.25}",4062,openai,gpt-4o-mini
218.0,동맥경화용제,1,3,"{'MAIN': 0.44, 'BRAND': 0.36, 'BOTH': 0.2}",4875,openai,gpt-4o-mini
218.0,동맥경화용제,1,4,"{'MAIN': 0.43, 'BRAND': 0.38, 'BOTH': 0.19}",5327,openai,gpt-4o-mini
218.0,동맥경화용제,0,3,"{'MAIN': 0.8, 'BRAND': 0.0, 'BOTH': 0.2}",3656,openai,gpt-4o-mini
218.0,동맥경화용제,0,8,"{'MAIN': 0.72, 'BRAND': 0.0, 'BOTH': 0.28}",5390,openai,gpt-4o-mini
218.0,동맥경화용제,0,3,"{'MAIN': 0.78, 'BRAND': 0.0, 'BOTH': 0.22}",4532,openai,gpt-4o-mini
218.0,동맥경화용제,0,4,"{'MAIN': 0.76, 'BRAND': 0.0, 'BOTH': 0.24}",5655,openai,gpt-4o-mini
218.0,동맥경화용제,0,4,"{'MAIN': 0.75, 'BRAND': 0.0, 'BOTH': 0.25}",4250,openai,gpt-4o-mini
218.0,동맥경화용제,0,6,"{'MAIN': 0.72, 'BRAND': 0.0, 'BOTH': 0.28}",5406,openai,gpt-4o-mini
218.0,동맥경화용제,0,5,"{'MAIN': 0.76, 'BRAND': 0.0, 'BOTH': 0.24}",6000,openai,gpt-4o-mini
218.0,동맥경화용제,0,5,"{'MAIN': 0.79, 'BRAND': 0.0, 'BOTH': 0.21}",4655,openai,gpt-4o-mini
219.0,기타의 순환계용약,0,0,"{'MAIN': 0.74, 'BRAND': 0.0, 'BOTH': 0.26}",3687,openai,gpt-4o-mini
219.0,기타의 순환계용약,0,0,"{'MAIN': 0.79, 'BRAND': 0.0, 'BOTH': 0.21}",4795,openai,gpt-4o-mini
219.0,기타의 순환계용약,0,0,"{'MAIN': 0.7, 'BRAND': 0.0, 'BOTH': 0.3}",6062,openai,gpt-4o-mini
219.0,기타의 순환계용약,1,3,"{'MAIN': 0.44, 'BRAND': 0.37, 'BOTH': 0.19}",3843,openai,gpt-4o-mini
219.0,기타의 순환계용약,2,2,"{'MAIN': 0.34, 'BRAND': 0.39, 'BOTH': 0.27}",5046,openai,gpt-4o-mini
219.0,기타의 순환계용약,0,5,"{'MAIN': 0.79, 'BRAND': 0.0, 'BOTH': 0.21}",4967,openai,gpt-4o-mini
219.0,기타의 순환계용약,0,0,"{'MAIN': 0.75, 'BRAND': 0.0, 'BOTH': 0.25}",4062,openai,gpt-4o-mini
219.0,기타의 순환계용약,0,7,"{'MAIN': 0.8, 'BRAND': 0.0, 'BOTH': 0.2}",5750,openai,gpt-4o-mini
219.0,기타의 순환계용약,0,5,"{'MAIN': 0.78, 'BRAND': 0.0, 'BOTH': 0.22}",6000,openai,gpt-4o-mini
219.0,기타의 순환계용약,0,8,"{'MAIN': 0.72, 'BRAND': 0.0, 'BOTH': 0.28}",7938,openai,gpt-4o-mini
219.0,기타의 순환계용약,0,5,"{'MAIN': 0.74, 'BRAND': 0.0, 'BOTH': 0.26}",4547,openai,gpt-4o-mini
219.0,기타의 순환계용약,0,4,"{'MAIN': 0.7, 'BRAND': 0.0, 'BOTH': 0.3}",3688,openai,gpt-4o-mini
219.0,기타의 순환계용약,0,5,"{'MAIN': 0.71, 'BRAND': 0.0, 'BOTH': 0.29}",4782,openai,gpt-4o-mini
219.0,기타의 순환계용약,0,0,"{'MAIN': 0.8, 'BRAND': 0.0, 'BOTH': 0.2}",4077,openai,gpt-4o-mini
219.0,기타의 순환계용약,0,4,"{'MAIN': 0.72, 'BRAND': 0.0, 'BOTH': 0.28}",4186,openai,gpt-4o-mini
219.0,기타의 순환계용약,0,2,"{'MAIN': 0.78, 'BRAND': 0.0, 'BOTH': 0.22}",4672,openai,gpt-4o-mini
219.0,기타의 순환계용약,0,0,"{'MAIN': 0.8, 'BRAND': 0.0, 'BOTH': 0.2}",4062,openai,gpt-4o-mini
219.0,기타의 순환계용약,0,5,"{'MAIN': 0.7, 'BRAND': 0.0, 'BOTH': 0.3}",4327,openai,gpt-4o-mini
219.0,기타의 순환계용약,0,4,"{'MAIN': 0.78, 'BRAND': 0.0, 'BOTH': 0.22}",5061,openai,gpt-4o-mini
219.0,기타의 순환계용약,1,3,"{'MAIN': 0.4, 'BRAND': 0.38, 'BOTH': 0.22}",4719,openai,gpt-4o-mini
219.0,기타의 순환계용약,0,0,"{'MAIN': 0.78, 'BRAND': 0.0, 'BOTH': 0.22}",3750,openai,gpt-4o-mini
219.0,기타의 순환계용약,0,3,"{'MAIN': 0.79, 'BRAND': 0.0, 'BOTH': 0.21}",4327,openai,gpt-4o-mini
219.0,기타의 순환계용약,0,5,"{'MAIN': 0.71, 'BRAND': 0.0, 'BOTH': 0.29}",4156,openai,gpt-4o-mini
219.0,기타의 순환계용약,0,1,"{'MAIN': 0.71, 'BRAND': 0.0, 'BOTH': 0.29}",3532,openai,gpt-4o-mini
219.0,기타의 순환계용약,0,5,"{'MAIN': 0.79, 'BRAND': 0.0, 'BOTH': 0.21}",5342,openai,gpt-4o-mini
219.0,기타의 순환계용약,0,5,"{'MAIN': 0.78, 'BRAND': 0.0, 'BOTH': 0.22}",4843,openai,gpt-4o-mini
219.0,기타의 순환계용약,0,0,"{'MAIN': 0.75, 'BRAND': 0.0, 'BOTH': 0.25}",3859,openai,gpt-4o-mini
219.0,기타의 순환계용약,0,1,"{'MAIN': 0.72, 'BRAND': 0.0, 'BOTH': 0.28}",3125,openai,gpt-4o-mini
219.0,기타의 순환계용약,0,5,"{'MAIN': 0.71, 'BRAND': 0.0, 'BOTH': 0.29}",5562,openai,gpt-4o-mini
219.0,기타의 순환계용약,0,0,"{'MAIN': 0.75, 'BRAND': 0.0, 'BOTH': 0.25}",4031,openai,gpt-4o-mini
219.0,기타의 순환계용약,0,5,"{'MAIN': 0.76, 'BRAND': 0.0, 'BOTH': 0.24}",3594,openai,gpt-4o-mini
220.0,호흡기관용약,0,3,"{'MAIN': 0.8, 'BRAND': 0.0, 'BOTH': 0.2}",3797,openai,gpt-4o-mini
219.0,기타의 순환계용약,2,3,"{'MAIN': 0.37, 'BRAND': 0.39, 'BOTH': 0.24}",5625,openai,gpt-4o-mini
220.0,호흡기관용약,0,5,"{'MAIN': 0.8, 'BRAND': 0.0, 'BOTH': 0.2}",4000,openai,gpt-4o-mini
221.0,호흡촉진제,0,4,"{'MAIN': 0.73, 'BRAND': 0.0, 'BOTH': 0.27}",4468,openai,gpt-4o-mini
222.0,진해거담제,0,4,"{'MAIN': 0.79, 'BRAND': 0.0, 'BOTH': 0.21}",3842,openai,gpt-4o-mini
219.0,기타의 순환계용약,1,8,"{'MAIN': 0.35, 'BRAND': 0.32, 'BOTH': 0.33}",8859,openai,gpt-4o-mini
222.0,진해거담제,0,5,"{'MAIN': 0.71, 'BRAND': 0.0, 'BOTH': 0.29}",3656,openai,gpt-4o-mini
222.0,진해거담제,0,4,"{'MAIN': 0.71, 'BRAND': 0.0, 'BOTH': 0.29}",6312,openai,gpt-4o-mini
222.0,진해거담제,0,5,"{'MAIN': 0.73, 'BRAND': 0.0, 'BOTH': 0.27}",3640,openai,gpt-4o-mini
222.0,진해거담제,0,5,"{'MAIN': 0.74, 'BRAND': 0.0, 'BOTH': 0.26}",5281,openai,gpt-4o-mini
222.0,진해거담제,0,5,"{'MAIN': 0.7, 'BRAND': 0.0, 'BOTH': 0.3}",3797,openai,gpt-4o-mini
222.0,진해거담제,0,5,"{'MAIN': 0.76, 'BRAND': 0.0, 'BOTH': 0.24}",4094,openai,gpt-4o-mini
222.0,진해거담제,0,4,"{'MAIN': 0.79, 'BRAND': 0.0, 'BOTH': 0.21}",3547,openai,gpt-4o-mini
222.0,진해거담제,1,5,"{'MAIN': 0.41, 'BRAND': 0.33, 'BOTH': 0.26}",4218,openai,gpt-4o-mini
222.0,진해거담제,0,5,"{'MAIN': 0.72, 'BRAND': 0.0, 'BOTH': 0.28}",4375,openai,gpt-4o-mini
222.0,진해거담제,0,5,"{'MAIN': 0.72, 'BRAND': 0.0, 'BOTH': 0.28}",4062,openai,gpt-4o-mini
229.0,기타의 호흡기관용약,0,5,"{'MAIN': 0.78, 'BRAND': 0.0, 'BOTH': 0.22}",3718,openai,gpt-4o-mini
229.0,기타의 호흡기관용약,0,4,"{'MAIN': 0.77, 'BRAND': 0.0, 'BOTH': 0.23}",4562,openai,gpt-4o-mini
229.0,기타의 호흡기관용약,0,3,"{'MAIN': 0.79, 'BRAND': 0.0, 'BOTH': 0.21}",4125,openai,gpt-4o-mini
229.0,기타의 호흡기관용약,0,2,"{'MAIN': 0.74, 'BRAND': 0.0, 'BOTH': 0.26}",3891,openai,gpt-4o-mini
229.0,기타의 호흡기관용약,1,0,"{'MAIN': 0.35, 'BRAND': 0.34, 'BOTH': 0.31}",5875,openai,gpt-4o-mini
229.0,기타의 호흡기관용약,0,5,"{'MAIN': 0.77, 'BRAND': 0.0, 'BOTH': 0.23}",4452,openai,gpt-4o-mini
229.0,기타의 호흡기관용약,0,0,"{'MAIN': 0.72, 'BRAND': 0.0, 'BOTH': 0.28}",9672,openai,gpt-4o-mini
229.0,기타의 호흡기관용약,0,2,"{'MAIN': 0.79, 'BRAND': 0.0, 'BOTH': 0.21}",3875,openai,gpt-4o-mini
229.0,기타의 호흡기관용약,0,6,"{'MAIN': 0.7, 'BRAND': 0.0, 'BOTH': 0.3}",6406,openai,gpt-4o-mini
229.0,기타의 호흡기관용약,0,8,"{'MAIN': 0.73, 'BRAND': 0.0, 'BOTH': 0.27}",6265,openai,gpt-4o-mini
229.0,기타의 호흡기관용약,0,4,"{'MAIN': 0.78, 'BRAND': 0.0, 'BOTH': 0.22}",3577,openai,gpt-4o-mini
229.0,기타의 호흡기관용약,0,5,"{'MAIN': 0.8, 'BRAND': 0.0, 'BOTH': 0.2}",4422,openai,gpt-4o-mini
229.0,기타의 호흡기관용약,0,0,"{'MAIN': 0.8, 'BRAND': 0.0, 'BOTH': 0.2}",4640,openai,gpt-4o-mini
229.0,기타의 호흡기관용약,1,3,"{'MAIN': 0.39, 'BRAND': 0.33, 'BOTH': 0.28}",4452,openai,gpt-4o-mini
231.0,치과구강용약,0,4,"{'MAIN': 0.79, 'BRAND': 0.0, 'BOTH': 0.21}",5077,openai,gpt-4o-mini
232.0,소화성궤양용제,0,5,"{'MAIN': 0.73, 'BRAND': 0.0, 'BOTH': 0.27}",4297,openai,gpt-4o-mini
231.0,치과구강용약,0,6,"{'MAIN': 0.78, 'BRAND': 0.0, 'BOTH': 0.22}",6109,openai,gpt-4o-mini
232.0,소화성궤양용제,0,4,"{'MAIN': 0.79, 'BRAND': 0.0, 'BOTH': 0.21}",4406,openai,gpt-4o-mini
232.0,소화성궤양용제,0,0,"{'MAIN': 0.74, 'BRAND': 0.0, 'BOTH': 0.26}",5062,openai,gpt-4o-mini
232.0,소화성궤양용제,0,5,"{'MAIN': 0.76, 'BRAND': 0.0, 'BOTH': 0.24}",4547,openai,gpt-4o-mini
232.0,소화성궤양용제,0,4,"{'MAIN': 0.71, 'BRAND': 0.0, 'BOTH': 0.29}",4155,openai,gpt-4o-mini
232.0,소화성궤양용제,0,5,"{'MAIN': 0.75, 'BRAND': 0.0, 'BOTH': 0.25}",4640,openai,gpt-4o-mini
232.0,소화성궤양용제,0,5,"{'MAIN': 0.71, 'BRAND': 0.0, 'BOTH': 0.29}",4061,openai,gpt-4o-mini
232.0,소화성궤양용제,0,3,"{'MAIN': 0.73, 'BRAND': 0.0, 'BOTH': 0.27}",4140,openai,gpt-4o-mini
232.0,소화성궤양용제,0,4,"{'MAIN': 0.78, 'BRAND': 0.0, 'BOTH': 0.22}",6452,openai,gpt-4o-mini
232.0,소화성궤양용제,0,4,"{'MAIN': 0.77, 'BRAND': 0.0, 'BOTH': 0.23}",4561,openai,gpt-4o-mini
232.0,소화성궤양용제,0,4,"{'MAIN': 0.73, 'BRAND': 0.0, 'BOTH': 0.27}",3891,openai,gpt-4o-mini
232.0,소화성궤양용제,0,5,"{'MAIN': 0.72, 'BRAND': 0.0, 'BOTH': 0.28}",6000,openai,gpt-4o-mini
232.0,소화성궤양용제,0,4,"{'MAIN': 0.72, 'BRAND': 0.0, 'BOTH': 0.28}",3969,openai,gpt-4o-mini
232.0,소화성궤양용제,1,3,"{'MAIN': 0.36, 'BRAND': 0.37, 'BOTH': 0.27}",4329,openai,gpt-4o-mini
235.0,"최토제, 진토제",0,0,"{'MAIN': 0.75, 'BRAND': 0.0, 'BOTH': 0.25}",3829,openai,gpt-4o-mini
232.0,소화성궤양용제,0,5,"{'MAIN': 0.75, 'BRAND': 0.0, 'BOTH': 0.25}",6281,openai,gpt-4o-mini
238.0,"하제, 완장제",0,0,"{'MAIN': 0.77, 'BRAND': 0.0, 'BOTH': 0.23}",3859,openai,gpt-4o-mini
238.0,"하제, 완장제",0,4,"{'MAIN': 0.71, 'BRAND': 0.0, 'BOTH': 0.29}",3733,openai,gpt-4o-mini
235.0,"최토제, 진토제",0,0,"{'MAIN': 0.79, 'BRAND': 0.0, 'BOTH': 0.21}",5405,openai,gpt-4o-mini
239.0,기타의 소화기관용약,0,3,"{'MAIN': 0.75, 'BRAND': 0.0, 'BOTH': 0.25}",4717,openai,gpt-4o-mini
239.0,기타의 소화기관용약,0,0,"{'MAIN': 0.78, 'BRAND': 0.0, 'BOTH': 0.22}",4312,openai,gpt-4o-mini
239.0,기타의 소화기관용약,0,5,"{'MAIN': 0.7, 'BRAND': 0.0, 'BOTH': 0.3}",3562,openai,gpt-4o-mini
239.0,기타의 소화기관용약,0,4,"{'MAIN': 0.8, 'BRAND': 0.0, 'BOTH': 0.2}",4500,openai,gpt-4o-mini
239.0,기타의 소화기관용약,0,4,"{'MAIN': 0.73, 'BRAND': 0.0, 'BOTH': 0.27}",3969,openai,gpt-4o-mini
239.0,기타의 소화기관용약,0,4,"{'MAIN': 0.71, 'BRAND': 0.0, 'BOTH': 0.29}",7952,openai,gpt-4o-mini
239.0,기타의 소화기관용약,0,4,"{'MAIN': 0.72, 'BRAND': 0.0, 'BOTH': 0.28}",6061,openai,gpt-4o-mini
239.0,기타의 소화기관용약,0,0,"{'MAIN': 0.7, 'BRAND': 0.0, 'BOTH': 0.3}",5047,openai,gpt-4o-mini
241.0,뇌하수체호르몬제,0,5,"{'MAIN': 0.75, 'BRAND': 0.0, 'BOTH': 0.25}",4437,openai,gpt-4o-mini
241.0,뇌하수체호르몬제,0,6,"{'MAIN': 0.7, 'BRAND': 0.0, 'BOTH': 0.3}",4593,openai,gpt-4o-mini
241.0,뇌하수체호르몬제,0,7,"{'MAIN': 0.77, 'BRAND': 0.0, 'BOTH': 0.23}",4829,openai,gpt-4o-mini
241.0,뇌하수체호르몬제,2,3,"{'MAIN': 0.36, 'BRAND': 0.38, 'BOTH': 0.26}",6594,openai,gpt-4o-mini
241.0,뇌하수체호르몬제,0,5,"{'MAIN': 0.77, 'BRAND': 0.0, 'BOTH': 0.23}",5967,openai,gpt-4o-mini
241.0,뇌하수체호르몬제,0,4,"{'MAIN': 0.7, 'BRAND': 0.0, 'BOTH': 0.3}",4609,openai,gpt-4o-mini
243.0,"갑상선, 부갑상선호르몬제",0,6,"{'MAIN': 0.78, 'BRAND': 0.0, 'BOTH': 0.22}",5015,openai,gpt-4o-mini
241.0,뇌하수체호르몬제,0,5,"{'MAIN': 0.74, 'BRAND': 0.0, 'BOTH': 0.26}",5905,openai,gpt-4o-mini
243.0,"갑상선, 부갑상선호르몬제",0,0,"{'MAIN': 0.74, 'BRAND': 0.0, 'BOTH': 0.26}",4000,openai,gpt-4o-mini
243.0,"갑상선, 부갑상선호르몬제",1,3,"{'MAIN': 0.38, 'BRAND': 0.38, 'BOTH': 0.24}",5545,openai,gpt-4o-mini
244.0,단백동화스테로이드제,0,6,"{'MAIN': 0.76, 'BRAND': 0.0, 'BOTH': 0.24}",4969,openai,gpt-4o-mini
245.0,부신호르몬제,0,5,"{'MAIN': 0.8, 'BRAND': 0.0, 'BOTH': 0.2}",4390,openai,gpt-4o-mini
245.0,부신호르몬제,0,5,"{'MAIN': 0.8, 'BRAND': 0.0, 'BOTH': 0.2}",3704,openai,gpt-4o-mini
245.0,부신호르몬제,0,6,"{'MAIN': 0.75, 'BRAND': 0.0, 'BOTH': 0.25}",5094,openai,gpt-4o-mini
245.0,부신호르몬제,0,4,"{'MAIN': 0.79, 'BRAND': 0.0, 'BOTH': 0.21}",4375,openai,gpt-4o-mini
245.0,부신호르몬제,0,4,"{'MAIN': 0.76, 'BRAND': 0.0, 'BOTH': 0.24}",4109,openai,gpt-4o-mini
245.0,부신호르몬제,0,6,"{'MAIN': 0.71, 'BRAND': 0.0, 'BOTH': 0.29}",5420,openai,gpt-4o-mini
247.0,난포호르몬제 및 황체호르몬제,0,3,"{'MAIN': 0.8, 'BRAND': 0.0, 'BOTH': 0.2}",4625,openai,gpt-4o-mini
247.0,난포호르몬제 및 황체호르몬제,0,4,"{'MAIN': 0.71, 'BRAND': 0.0, 'BOTH': 0.29}",3875,openai,gpt-4o-mini
247.0,난포호르몬제 및 황체호르몬제,0,4,"{'MAIN': 0.79, 'BRAND': 0.0, 'BOTH': 0.21}",4500,openai,gpt-4o-mini
245.0,부신호르몬제,0,6,"{'MAIN': 0.72, 'BRAND': 0.0, 'BOTH': 0.28}",6562,openai,gpt-4o-mini
247.0,난포호르몬제 및 황체호르몬제,0,5,"{'MAIN': 0.77, 'BRAND': 0.0, 'BOTH': 0.23}",5219,openai,gpt-4o-mini
247.0,난포호르몬제 및 황체호르몬제,0,5,"{'MAIN': 0.79, 'BRAND': 0.0, 'BOTH': 0.21}",5687,openai,gpt-4o-mini
247.0,난포호르몬제 및 황체호르몬제,0,4,"{'MAIN': 0.79, 'BRAND': 0.0, 'BOTH': 0.21}",3484,openai,gpt-4o-mini
249.0,기타의 호르몬제(항호르몬제를 포함),0,0,"{'MAIN': 0.79, 'BRAND': 0.0, 'BOTH': 0.21}",3765,openai,gpt-4o-mini
249.0,기타의 호르몬제(항호르몬제를 포함),0,0,"{'MAIN': 0.71, 'BRAND': 0.0, 'BOTH': 0.29}",4109,openai,gpt-4o-mini
249.0,기타의 호르몬제(항호르몬제를 포함),1,1,"{'MAIN': 0.44, 'BRAND': 0.37, 'BOTH': 0.19}",6109,openai,gpt-4o-mini
249.0,기타의 호르몬제(항호르몬제를 포함),0,0,"{'MAIN': 0.74, 'BRAND': 0.0, 'BOTH': 0.26}",4265,openai,gpt-4o-mini
249.0,기타의 호르몬제(항호르몬제를 포함),2,0,"{'MAIN': 0.31, 'BRAND': 0.31, 'BOTH': 0.38}",6688,openai,gpt-4o-mini
249.0,기타의 호르몬제(항호르몬제를 포함),0,0,"{'MAIN': 0.79, 'BRAND': 0.0, 'BOTH': 0.21}",5155,openai,gpt-4o-mini
249.0,기타의 호르몬제(항호르몬제를 포함),0,0,"{'MAIN': 0.73, 'BRAND': 0.0, 'BOTH': 0.27}",3967,openai,gpt-4o-mini
249.0,기타의 호르몬제(항호르몬제를 포함),0,0,"{'MAIN': 0.78, 'BRAND': 0.0, 'BOTH': 0.22}",3812,openai,gpt-4o-mini
249.0,기타의 호르몬제(항호르몬제를 포함),0,0,"{'MAIN': 0.75, 'BRAND': 0.0, 'BOTH': 0.25}",3250,openai,gpt-4o-mini
249.0,기타의 호르몬제(항호르몬제를 포함),0,0,"{'MAIN': 0.73, 'BRAND': 0.0, 'BOTH': 0.27}",3967,openai,gpt-4o-mini
249.0,기타의 호르몬제(항호르몬제를 포함),0,0,"{'MAIN': 0.74, 'BRAND': 0.0, 'BOTH': 0.26}",4765,openai,gpt-4o-mini
249.0,기타의 호르몬제(항호르몬제를 포함),0,0,"{'MAIN': 0.78, 'BRAND': 0.0, 'BOTH': 0.22}",5295,openai,gpt-4o-mini
249.0,기타의 호르몬제(항호르몬제를 포함),0,0,"{'MAIN': 0.73, 'BRAND': 0.0, 'BOTH': 0.27}",4375,openai,gpt-4o-mini
249.0,기타의 호르몬제(항호르몬제를 포함),0,0,"{'MAIN': 0.77, 'BRAND': 0.0, 'BOTH': 0.23}",4172,openai,gpt-4o-mini
252.0,자궁수축제,0,5,"{'MAIN': 0.78, 'BRAND': 0.0, 'BOTH': 0.22}",3297,openai,gpt-4o-mini
259.0,기타의 비뇨생식기관 및 항문용약,0,3,"{'MAIN': 0.74, 'BRAND': 0.0, 'BOTH': 0.26}",4125,openai,gpt-4o-mini
259.0,기타의 비뇨생식기관 및 항문용약,0,0,"{'MAIN': 0.76, 'BRAND': 0.0, 'BOTH': 0.24}",5579,openai,gpt-4o-mini
259.0,기타의 비뇨생식기관 및 항문용약,1,3,"{'MAIN': 0.39, 'BRAND': 0.37, 'BOTH': 0.24}",5125,openai,gpt-4o-mini
259.0,기타의 비뇨생식기관 및 항문용약,0,4,"{'MAIN': 0.72, 'BRAND': 0.0, 'BOTH': 0.28}",4686,openai,gpt-4o-mini
259.0,기타의 비뇨생식기관 및 항문용약,0,1,"{'MAIN': 0.73, 'BRAND': 0.0, 'BOTH': 0.27}",4202,openai,gpt-4o-mini
259.0,기타의 비뇨생식기관 및 항문용약,0,2,"{'MAIN': 0.77, 'BRAND': 0.0, 'BOTH': 0.23}",7672,openai,gpt-4o-mini
259.0,기타의 비뇨생식기관 및 항문용약,0,6,"{'MAIN': 0.73, 'BRAND': 0.0, 'BOTH': 0.27}",6655,openai,gpt-4o-mini
259.0,기타의 비뇨생식기관 및 항문용약,0,0,"{'MAIN': 0.77, 'BRAND': 0.0, 'BOTH': 0.23}",4467,openai,gpt-4o-mini
259.0,기타의 비뇨생식기관 및 항문용약,0,0,"{'MAIN': 0.79, 'BRAND': 0.0, 'BOTH': 0.21}",4516,openai,gpt-4o-mini
259.0,기타의 비뇨생식기관 및 항문용약,0,0,"{'MAIN': 0.7, 'BRAND': 0.0, 'BOTH': 0.3}",5125,openai,gpt-4o-mini
259.0,기타의 비뇨생식기관 및 항문용약,0,2,"{'MAIN': 0.78, 'BRAND': 0.0, 'BOTH': 0.22}",3687,openai,gpt-4o-mini
259.0,기타의 비뇨생식기관 및 항문용약,0,0,"{'MAIN': 0.72, 'BRAND': 0.0, 'BOTH': 0.28}",3391,openai,gpt-4o-mini
259.0,기타의 비뇨생식기관 및 항문용약,0,4,"{'MAIN': 0.73, 'BRAND': 0.0, 'BOTH': 0.27}",4827,openai,gpt-4o-mini
261.0,외피용살균소독제,0,4,"{'MAIN': 0.76, 'BRAND': 0.0, 'BOTH': 0.24}",3327,openai,gpt-4o-mini
264.0,"진통, 진양, 수렴, 소염제",0,0,"{'MAIN': 0.74, 'BRAND': 0.0, 'BOTH': 0.26}",4030,openai,gpt-4o-mini
259.0,기타의 비뇨생식기관 및 항문용약,0,0,"{'MAIN': 0.77, 'BRAND': 0.0, 'BOTH': 0.23}",7922,openai,gpt-4o-mini
263.0,화농성질환용제,0,5,"{'MAIN': 0.72, 'BRAND': 0.0, 'BOTH': 0.28}",5188,openai,gpt-4o-mini
263.0,화농성질환용제,0,2,"{'MAIN': 0.8, 'BRAND': 0.0, 'BOTH': 0.2}",4703,openai,gpt-4o-mini
264.0,"진통, 진양, 수렴, 소염제",0,4,"{'MAIN': 0.79, 'BRAND': 0.0, 'BOTH': 0.21}",4280,openai,gpt-4o-mini
264.0,"진통, 진양, 수렴, 소염제",0,4,"{'MAIN': 0.7, 'BRAND': 0.0, 'BOTH': 0.3}",5719,openai,gpt-4o-mini
264.0,"진통, 진양, 수렴, 소염제",0,0,"{'MAIN': 0.77, 'BRAND': 0.0, 'BOTH': 0.23}",4343,openai,gpt-4o-mini
264.0,"진통, 진양, 수렴, 소염제",0,5,"{'MAIN': 0.75, 'BRAND': 0.0, 'BOTH': 0.25}",4781,openai,gpt-4o-mini
265.0,기생성 피부질환용제,0,5,"{'MAIN': 0.75, 'BRAND': 0.0, 'BOTH': 0.25}",4483,openai,gpt-4o-mini
266.0,피부연화제(부식제를 포함),0,0,"{'MAIN': 0.77, 'BRAND': 0.0, 'BOTH': 0.23}",5407,openai,gpt-4o-mini
264.0,"진통, 진양, 수렴, 소염제",0,4,"{'MAIN': 0.76, 'BRAND': 0.0, 'BOTH': 0.24}",6625,openai,gpt-4o-mini
269.0,기타의 외피용약,0,5,"{'MAIN': 0.72, 'BRAND': 0.0, 'BOTH': 0.28}",4702,openai,gpt-4o-mini
269.0,기타의 외피용약,0,2,"{'MAIN': 0.75, 'BRAND': 0.0, 'BOTH': 0.25}",3657,openai,gpt-4o-mini
269.0,기타의 외피용약,0,4,"{'MAIN': 0.79, 'BRAND': 0.0, 'BOTH': 0.21}",4672,openai,gpt-4o-mini
269.0,기타의 외피용약,0,4,"{'MAIN': 0.72, 'BRAND': 0.0, 'BOTH': 0.28}",6077,openai,gpt-4o-mini
311.0,비타민A 및 D제,0,2,"{'MAIN': 0.79, 'BRAND': 0.0, 'BOTH': 0.21}",5641,openai,gpt-4o-mini
311.0,비타민A 및 D제,0,3,"{'MAIN': 0.76, 'BRAND': 0.0, 'BOTH': 0.24}",4420,openai,gpt-4o-mini
269.0,기타의 외피용약,0,7,"{'MAIN': 0.77, 'BRAND': 0.0, 'BOTH': 0.23}",6984,openai,gpt-4o-mini
316.0,"혼합비타민제(비타민A,D 혼합제를 제외)",1,1,"{'MAIN': 0.44, 'BRAND': 0.32, 'BOTH': 0.24}",4952,openai,gpt-4o-mini
311.0,비타민A 및 D제,0,9,"{'MAIN': 0.74, 'BRAND': 0.0, 'BOTH': 0.26}",7092,openai,gpt-4o-mini
322.0,무기질제제,0,2,"{'MAIN': 0.79, 'BRAND': 0.0, 'BOTH': 0.21}",3687,openai,gpt-4o-mini
322.0,무기질제제,0,5,"{'MAIN': 0.76, 'BRAND': 0.0, 'BOTH': 0.24}",4954,openai,gpt-4o-mini
325.0,단백아미노산제제,1,6,"{'MAIN': 0.38, 'BRAND': 0.34, 'BOTH': 0.28}",4375,openai,gpt-4o-mini
325.0,단백아미노산제제,1,5,"{'MAIN': 0.44, 'BRAND': 0.38, 'BOTH': 0.18}",4266,openai,gpt-4o-mini
325.0,단백아미노산제제,0,3,"{'MAIN': 0.74, 'BRAND': 0.0, 'BOTH': 0.26}",4359,openai,gpt-4o-mini
325.0,단백아미노산제제,0,4,"{'MAIN': 0.8, 'BRAND': 0.0, 'BOTH': 0.2}",5342,openai,gpt-4o-mini
322.0,무기질제제,2,7,"{'MAIN': 0.32, 'BRAND': 0.38, 'BOTH': 0.3}",7218,openai,gpt-4o-mini
325.0,단백아미노산제제,0,4,"{'MAIN': 0.75, 'BRAND': 0.0, 'BOTH': 0.25}",3890,openai,gpt-4o-mini
325.0,단백아미노산제제,0,2,"{'MAIN': 0.72, 'BRAND': 0.0, 'BOTH': 0.28}",4905,openai,gpt-4o-mini
325.0,단백아미노산제제,0,5,"{'MAIN': 0.73, 'BRAND': 0.0, 'BOTH': 0.27}",4843,openai,gpt-4o-mini
332.0,지혈제,0,5,"{'MAIN': 0.76, 'BRAND': 0.0, 'BOTH': 0.24}",3891,openai,gpt-4o-mini
332.0,지혈제,0,4,"{'MAIN': 0.76, 'BRAND': 0.0, 'BOTH': 0.24}",4390,openai,gpt-4o-mini
329.0,기타의 자양강장변질제,1,0,"{'MAIN': 0.36, 'BRAND': 0.31, 'BOTH': 0.33}",5843,openai,gpt-4o-mini
332.0,지혈제,0,4,"{'MAIN': 0.73, 'BRAND': 0.0, 'BOTH': 0.27}",3984,openai,gpt-4o-mini
332.0,지혈제,0,5,"{'MAIN': 0.76, 'BRAND': 0.0, 'BOTH': 0.24}",3594,openai,gpt-4o-mini
332.0,지혈제,0,5,"{'MAIN': 0.72, 'BRAND': 0.0, 'BOTH': 0.28}",4532,openai,gpt-4o-mini
332.0,지혈제,0,5,"{'MAIN': 0.75, 'BRAND': 0.0, 'BOTH': 0.25}",4108,openai,gpt-4o-mini
332.0,지혈제,0,4,"{'MAIN': 0.72, 'BRAND': 0.0, 'BOTH': 0.28}",3719,openai,gpt-4o-mini
333.0,혈액응고저지제,1,6,"{'MAIN': 0.42, 'BRAND': 0.36, 'BOTH': 0.22}",4390,openai,gpt-4o-mini
333.0,혈액응고저지제,2,6,"{'MAIN': 0.35, 'BRAND': 0.33, 'BOTH': 0.32}",6062,openai,gpt-4o-mini
333.0,혈액응고저지제,0,5,"{'MAIN': 0.8, 'BRAND': 0.0, 'BOTH': 0.2}",3280,openai,gpt-4o-mini
333.0,혈액응고저지제,0,7,"{'MAIN': 0.76, 'BRAND': 0.0, 'BOTH': 0.24}",4609,openai,gpt-4o-mini
333.0,혈액응고저지제,2,5,"{'MAIN': 0.31, 'BRAND': 0.36, 'BOTH': 0.33}",5092,openai,gpt-4o-mini
333.0,혈액응고저지제,1,6,"{'MAIN': 0.43, 'BRAND': 0.36, 'BOTH': 0.21}",6782,openai,gpt-4o-mini
333.0,혈액응고저지제,0,5,"{'MAIN': 0.76, 'BRAND': 0.0, 'BOTH': 0.24}",4530,openai,gpt-4o-mini
333.0,혈액응고저지제,0,5,"{'MAIN': 0.76, 'BRAND': 0.0, 'BOTH': 0.24}",4062,openai,gpt-4o-mini
333.0,혈액응고저지제,0,5,"{'MAIN': 0.71, 'BRAND': 0.0, 'BOTH': 0.29}",4843,openai,gpt-4o-mini
333.0,혈액응고저지제,2,9,"{'MAIN': 0.38, 'BRAND': 0.37, 'BOTH': 0.25}",6311,openai,gpt-4o-mini
339.0,기타의 혈액 및 체액용약,0,0,"{'MAIN': 0.72, 'BRAND': 0.0, 'BOTH': 0.28}",5577,openai,gpt-4o-mini
339.0,기타의 혈액 및 체액용약,0,5,"{'MAIN': 0.74, 'BRAND': 0.0, 'BOTH': 0.26}",5422,openai,gpt-4o-mini
339.0,기타의 혈액 및 체액용약,0,5,"{'MAIN': 0.79, 'BRAND': 0.0, 'BOTH': 0.21}",4984,openai,gpt-4o-mini
339.0,기타의 혈액 및 체액용약,0,5,"{'MAIN': 0.77, 'BRAND': 0.0, 'BOTH': 0.23}",5344,openai,gpt-4o-mini
339.0,기타의 혈액 및 체액용약,0,0,"{'MAIN': 0.77, 'BRAND': 0.0, 'BOTH': 0.23}",4437,openai,gpt-4o-mini
339.0,기타의 혈액 및 체액용약,0,4,"{'MAIN': 0.71, 'BRAND': 0.0, 'BOTH': 0.29}",3766,openai,gpt-4o-mini
339.0,기타의 혈액 및 체액용약,0,1,"{'MAIN': 0.71, 'BRAND': 0.0, 'BOTH': 0.29}",4297,openai,gpt-4o-mini
339.0,기타의 혈액 및 체액용약,0,0,"{'MAIN': 0.74, 'BRAND': 0.0, 'BOTH': 0.26}",3844,openai,gpt-4o-mini
339.0,기타의 혈액 및 체액용약,0,5,"{'MAIN': 0.76, 'BRAND': 0.0, 'BOTH': 0.24}",4717,openai,gpt-4o-mini
339.0,기타의 혈액 및 체액용약,0,7,"{'MAIN': 0.74, 'BRAND': 0.0, 'BOTH': 0.26}",5234,openai,gpt-4o-mini
339.0,기타의 혈액 및 체액용약,0,0,"{'MAIN': 0.71, 'BRAND': 0.0, 'BOTH': 0.29}",5125,openai,gpt-4o-mini
339.0,기타의 혈액 및 체액용약,1,0,"{'MAIN': 0.39, 'BRAND': 0.4, 'BOTH': 0.21}",6640,openai,gpt-4o-mini
339.0,기타의 혈액 및 체액용약,0,6,"{'MAIN': 0.7, 'BRAND': 0.0, 'BOTH': 0.3}",6812,openai,gpt-4o-mini
339.0,기타의 혈액 및 체액용약,0,0,"{'MAIN': 0.72, 'BRAND': 0.0, 'BOTH': 0.28}",5546,openai,gpt-4o-mini
339.0,기타의 혈액 및 체액용약,1,0,"{'MAIN': 0.43, 'BRAND': 0.34, 'BOTH': 0.23}",4500,openai,gpt-4o-mini
339.0,기타의 혈액 및 체액용약,0,0,"{'MAIN': 0.73, 'BRAND': 0.0, 'BOTH': 0.27}",4375,openai,gpt-4o-mini
339.0,기타의 혈액 및 체액용약,0,3,"{'MAIN': 0.74, 'BRAND': 0.0, 'BOTH': 0.26}",5312,openai,gpt-4o-mini
341.0,인공신장관류용제,0,4,"{'MAIN': 0.73, 'BRAND': 0.0, 'BOTH': 0.27}",4077,openai,gpt-4o-mini
341.0,인공신장관류용제,0,5,"{'MAIN': 0.74, 'BRAND': 0.0, 'BOTH': 0.26}",4109,openai,gpt-4o-mini
349.0,기타의 인공관류용제,0,0,"{'MAIN': 0.75, 'BRAND': 0.0, 'BOTH': 0.25}",4077,openai,gpt-4o-mini
391.0,간장질환용제,0,4,"{'MAIN': 0.78, 'BRAND': 0.0, 'BOTH': 0.22}",4015,openai,gpt-4o-mini
349.0,기타의 인공관류용제,0,3,"{'MAIN': 0.78, 'BRAND': 0.0, 'BOTH': 0.22}",4265,openai,gpt-4o-mini
392.0,해독제,0,5,"{'MAIN': 0.78, 'BRAND': 0.0, 'BOTH': 0.22}",4031,openai,gpt-4o-mini
392.0,해독제,0,4,"{'MAIN': 0.78, 'BRAND': 0.0, 'BOTH': 0.22}",3562,openai,gpt-4o-mini
392.0,해독제,0,5,"{'MAIN': 0.79, 'BRAND': 0.0, 'BOTH': 0.21}",3562,openai,gpt-4o-mini
392.0,해독제,0,4,"{'MAIN': 0.78, 'BRAND': 0.0, 'BOTH': 0.22}",3062,openai,gpt-4o-mini
392.0,해독제,0,5,"{'MAIN': 0.75, 'BRAND': 0.0, 'BOTH': 0.25}",4047,openai,gpt-4o-mini
392.0,해독제,0,5,"{'MAIN': 0.78, 'BRAND': 0.0, 'BOTH': 0.22}",4217,openai,gpt-4o-mini
392.0,해독제,0,4,"{'MAIN': 0.76, 'BRAND': 0.0, 'BOTH': 0.24}",4438,openai,gpt-4o-mini
395.0,효소제제,0,5,"{'MAIN': 0.8, 'BRAND': 0.0, 'BOTH': 0.2}",4859,openai,gpt-4o-mini
395.0,효소제제,0,6,"{'MAIN': 0.77, 'BRAND': 0.0, 'BOTH': 0.23}",6187,openai,gpt-4o-mini
395.0,효소제제,0,5,"{'MAIN': 0.74, 'BRAND': 0.0, 'BOTH': 0.26}",5125,openai,gpt-4o-mini
395.0,효소제제,0,6,"{'MAIN': 0.75, 'BRAND': 0.0, 'BOTH': 0.25}",4811,openai,gpt-4o-mini
395.0,효소제제,0,6,"{'MAIN': 0.78, 'BRAND': 0.0, 'BOTH': 0.22}",5954,openai,gpt-4o-mini
394.0,통풍치료제,0,4,"{'MAIN': 0.8, 'BRAND': 0.0, 'BOTH': 0.2}",8187,openai,gpt-4o-mini
395.0,효소제제,0,4,"{'MAIN': 0.79, 'BRAND': 0.0, 'BOTH': 0.21}",3625,openai,gpt-4o-mini
395.0,효소제제,0,4,"{'MAIN': 0.71, 'BRAND': 0.0, 'BOTH': 0.29}",3922,openai,gpt-4o-mini
396.0,당뇨병용제,0,1,"{'MAIN': 0.78, 'BRAND': 0.0, 'BOTH': 0.22}",4484,openai,gpt-4o-mini
395.0,효소제제,0,5,"{'MAIN': 0.72, 'BRAND': 0.0, 'BOTH': 0.28}",4781,openai,gpt-4o-mini
396.0,당뇨병용제,0,5,"{'MAIN': 0.72, 'BRAND': 0.0, 'BOTH': 0.28}",3875,openai,gpt-4o-mini
396.0,당뇨병용제,0,6,"{'MAIN': 0.71, 'BRAND': 0.0, 'BOTH': 0.29}",6295,openai,gpt-4o-mini
396.0,당뇨병용제,0,5,"{'MAIN': 0.79, 'BRAND': 0.0, 'BOTH': 0.21}",5890,openai,gpt-4o-mini
396.0,당뇨병용제,0,1,"{'MAIN': 0.75, 'BRAND': 0.0, 'BOTH': 0.25}",4312,openai,gpt-4o-mini
399.0,따로 분류되지 않는 대사성 의약품,0,0,"{'MAIN': 0.74, 'BRAND': 0.0, 'BOTH': 0.26}",3625,openai,gpt-4o-mini
399.0,따로 분류되지 않는 대사성 의약품,0,4,"{'MAIN': 0.76, 'BRAND': 0.0, 'BOTH': 0.24}",4094,openai,gpt-4o-mini
399.0,따로 분류되지 않는 대사성 의약품,0,4,"{'MAIN': 0.79, 'BRAND': 0.0, 'BOTH': 0.21}",3640,openai,gpt-4o-mini
399.0,따로 분류되지 않는 대사성 의약품,0,0,"{'MAIN': 0.75, 'BRAND': 0.0, 'BOTH': 0.25}",3797,openai,gpt-4o-mini
399.0,따로 분류되지 않는 대사성 의약품,0,5,"{'MAIN': 0.79, 'BRAND': 0.0, 'BOTH': 0.21}",4969,openai,gpt-4o-mini
399.0,따로 분류되지 않는 대사성 의약품,0,0,"{'MAIN': 0.77, 'BRAND': 0.0, 'BOTH': 0.23}",3687,openai,gpt-4o-mini
399.0,따로 분류되지 않는 대사성 의약품,0,2,"{'MAIN': 0.72, 'BRAND': 0.0, 'BOTH': 0.28}",5109,openai,gpt-4o-mini
399.0,따로 분류되지 않는 대사성 의약품,0,0,"{'MAIN': 0.77, 'BRAND': 0.0, 'BOTH': 0.23}",4827,openai,gpt-4o-mini
399.0,따로 분류되지 않는 대사성 의약품,0,1,"{'MAIN': 0.78, 'BRAND': 0.0, 'BOTH': 0.22}",3907,openai,gpt-4o-mini
399.0,따로 분류되지 않는 대사성 의약품,0,0,"{'MAIN': 0.76, 'BRAND': 0.0, 'BOTH': 0.24}",3437,openai,gpt-4o-mini
399.0,따로 분류되지 않는 대사성 의약품,0,4,"{'MAIN': 0.8, 'BRAND': 0.0, 'BOTH': 0.2}",4422,openai,gpt-4o-mini
399.0,따로 분류되지 않는 대사성 의약품,0,5,"{'MAIN': 0.71, 'BRAND': 0.0, 'BOTH': 0.29}",4890,openai,gpt-4o-mini
399.0,따로 분류되지 않는 대사성 의약품,0,0,"{'MAIN': 0.72, 'BRAND': 0.0, 'BOTH': 0.28}",4375,openai,gpt-4o-mini
399.0,따로 분류되지 않는 대사성 의약품,1,0,"{'MAIN': 0.36, 'BRAND': 0.36, 'BOTH': 0.28}",4906,openai,gpt-4o-mini
399.0,따로 분류되지 않는 대사성 의약품,0,0,"{'MAIN': 0.76, 'BRAND': 0.0, 'BOTH': 0.24}",4467,openai,gpt-4o-mini
399.0,따로 분류되지 않는 대사성 의약품,0,1,"{'MAIN': 0.75, 'BRAND': 0.0, 'BOTH': 0.25}",3546,openai,gpt-4o-mini
399.0,따로 분류되지 않는 대사성 의약품,0,1,"{'MAIN': 0.77, 'BRAND': 0.0, 'BOTH': 0.23}",13045,openai,gpt-4o-mini
399.0,따로 분류되지 않는 대사성 의약품,1,2,"{'MAIN': 0.39, 'BRAND': 0.31, 'BOTH': 0.3}",4702,openai,gpt-4o-mini
399.0,따로 분류되지 않는 대사성 의약품,1,3,"{'MAIN': 0.38, 'BRAND': 0.36, 'BOTH': 0.26}",3921,openai,gpt-4o-mini
399.0,따로 분류되지 않는 대사성 의약품,0,4,"{'MAIN': 0.78, 'BRAND': 0.0, 'BOTH': 0.22}",4327,openai,gpt-4o-mini
399.0,따로 분류되지 않는 대사성 의약품,0,2,"{'MAIN': 0.72, 'BRAND': 0.0, 'BOTH': 0.28}",4563,openai,gpt-4o-mini
399.0,따로 분류되지 않는 대사성 의약품,0,0,"{'MAIN': 0.73, 'BRAND': 0.0, 'BOTH': 0.27}",4719,openai,gpt-4o-mini
399.0,따로 분류되지 않는 대사성 의약품,0,1,"{'MAIN': 0.8, 'BRAND': 0.0, 'BOTH': 0.2}",4282,openai,gpt-4o-mini
399.0,따로 분류되지 않는 대사성 의약품,0,1,"{'MAIN': 0.76, 'BRAND': 0.0, 'BOTH': 0.24}",3781,openai,gpt-4o-mini
421.0,항악성종양제,0,4,"{'MAIN': 0.8, 'BRAND': 0.0, 'BOTH': 0.2}",4406,openai,gpt-4o-mini
421.0,항악성종양제,0,4,"{'MAIN': 0.7, 'BRAND': 0.0, 'BOTH': 0.3}",3609,openai,gpt-4o-mini
399.0,따로 분류되지 않는 대사성 의약품,0,3,"{'MAIN': 0.71, 'BRAND': 0.0, 'BOTH': 0.29}",5297,openai,gpt-4o-mini
421.0,항악성종양제,0,4,"{'MAIN': 0.78, 'BRAND': 0.0, 'BOTH': 0.22}",4421,openai,gpt-4o-mini
421.0,항악성종양제,0,4,"{'MAIN': 0.75, 'BRAND': 0.0, 'BOTH': 0.25}",4921,openai,gpt-4o-mini
421.0,항악성종양제,0,5,"{'MAIN': 0.7, 'BRAND': 0.0, 'BOTH': 0.3}",3422,openai,gpt-4o-mini
421.0,항악성종양제,0,5,"{'MAIN': 0.73, 'BRAND': 0.0, 'BOTH': 0.27}",6717,openai,gpt-4o-mini
421.0,항악성종양제,0,7,"{'MAIN': 0.73, 'BRAND': 0.0, 'BOTH': 0.27}",5515,openai,gpt-4o-mini
421.0,항악성종양제,0,8,"{'MAIN': 0.8, 'BRAND': 0.0, 'BOTH': 0.2}",6687,openai,gpt-4o-mini
421.0,항악성종양제,0,8,"{'MAIN': 0.79, 'BRAND': 0.0, 'BOTH': 0.21}",7390,openai,gpt-4o-mini
421.0,항악성종양제,0,4,"{'MAIN': 0.77, 'BRAND': 0.0, 'BOTH': 0.23}",4155,openai,gpt-4o-mini
421.0,항악성종양제,0,5,"{'MAIN': 0.8, 'BRAND': 0.0, 'BOTH': 0.2}",5844,openai,gpt-4o-mini
421.0,항악성종양제,0,6,"{'MAIN': 0.72, 'BRAND': 0.0, 'BOTH': 0.28}",5329,openai,gpt-4o-mini
421.0,항악성종양제,0,6,"{'MAIN': 0.8, 'BRAND': 0.0, 'BOTH': 0.2}",3844,openai,gpt-4o-mini
421.0,항악성종양제,0,4,"{'MAIN': 0.73, 'BRAND': 0.0, 'BOTH': 0.27}",4155,openai,gpt-4o-mini
421.0,항악성종양제,2,6,"{'MAIN': 0.36, 'BRAND': 0.39, 'BOTH': 0.25}",6890,openai,gpt-4o-mini
421.0,항악성종양제,0,5,"{'MAIN': 0.7, 'BRAND': 0.0, 'BOTH': 0.3}",4203,openai,gpt-4o-mini
429.0,기타의 종양치료제,0,0,"{'MAIN': 0.72, 'BRAND': 0.0, 'BOTH': 0.28}",3358,openai,gpt-4o-mini
431.0,방사성 의약품,0,4,"{'MAIN': 0.78, 'BRAND': 0.0, 'BOTH': 0.22}",3733,openai,gpt-4o-mini
431.0,방사성 의약품,0,4,"{'MAIN': 0.78, 'BRAND': 0.0, 'BOTH': 0.22}",4327,openai,gpt-4o-mini
429.0,기타의 종양치료제,0,0,"{'MAIN': 0.71, 'BRAND': 0.0, 'BOTH': 0.29}",7530,openai,gpt-4o-mini
429.0,기타의 종양치료제,2,6,"{'MAIN': 0.31, 'BRAND': 0.3, 'BOTH': 0.39}",7905,openai,gpt-4o-mini
431.0,방사성 의약품,0,3,"{'MAIN': 0.74, 'BRAND': 0.0, 'BOTH': 0.26}",7906,openai,gpt-4o-mini
431.0,방사성 의약품,0,5,"{'MAIN': 0.76, 'BRAND': 0.0, 'BOTH': 0.24}",5344,openai,gpt-4o-mini
431.0,방사성 의약품,0,4,"{'MAIN': 0.74, 'BRAND': 0.0, 'BOTH': 0.26}",4062,openai,gpt-4o-mini
431.0,방사성 의약품,0,5,"{'MAIN': 0.78, 'BRAND': 0.0, 'BOTH': 0.22}",4718,openai,gpt-4o-mini
431.0,방사성 의약품,0,5,"{'MAIN': 0.76, 'BRAND': 0.0, 'BOTH': 0.24}",4844,openai,gpt-4o-mini
439.0,기타의 조직세포의 치료 및 진단,0,0,"{'MAIN': 0.78, 'BRAND': 0.0, 'BOTH': 0.22}",4390,openai,gpt-4o-mini
439.0,기타의 조직세포의 치료 및 진단,0,0,"{'MAIN': 0.72, 'BRAND': 0.0, 'BOTH': 0.28}",3827,openai,gpt-4o-mini
439.0,기타의 조직세포의 치료 및 진단,1,4,"{'MAIN': 0.39, 'BRAND': 0.35, 'BOTH': 0.26}",4327,openai,gpt-4o-mini
439.0,기타의 조직세포의 치료 및 진단,0,4,"{'MAIN': 0.75, 'BRAND': 0.0, 'BOTH': 0.25}",6202,openai,gpt-4o-mini
439.0,기타의 조직세포의 치료 및 진단,3,4,"{'MAIN': 0.39, 'BRAND': 0.34, 'BOTH': 0.27}",7500,openai,gpt-4o-mini
439.0,기타의 조직세포의 치료 및 진단,4,3,"{'MAIN': 0.38, 'BRAND': 0.39, 'BOTH': 0.23}",7172,openai,gpt-4o-mini
439.0,기타의 조직세포의 치료 및 진단,0,5,"{'MAIN': 0.74, 'BRAND': 0.0, 'BOTH': 0.26}",4719,openai,gpt-4o-mini
439.0,기타의 조직세포의 치료 및 진단,4,2,"{'MAIN': 0.39, 'BRAND': 0.32, 'BOTH': 0.29}",8204,openai,gpt-4o-mini
439.0,기타의 조직세포의 치료 및 진단,2,2,"{'MAIN': 0.35, 'BRAND': 0.36, 'BOTH': 0.29}",6313,openai,gpt-4o-mini
439.0,기타의 조직세포의 치료 및 진단,3,4,"{'MAIN': 0.4, 'BRAND': 0.35, 'BOTH': 0.25}",5952,openai,gpt-4o-mini
439.0,기타의 조직세포의 치료 및 진단,0,5,"{'MAIN': 0.72, 'BRAND': 0.0, 'BOTH': 0.28}",4593,openai,gpt-4o-mini
439.0,기타의 조직세포의 치료 및 진단,2,1,"{'MAIN': 0.37, 'BRAND': 0.37, 'BOTH': 0.26}",7281,openai,gpt-4o-mini
439.0,기타의 조직세포의 치료 및 진단,2,0,"{'MAIN': 0.34, 'BRAND': 0.31, 'BOTH': 0.35}",4858,openai,gpt-4o-mini
611.0,주로 그람양성균에 작용하는 것,0,5,"{'MAIN': 0.76, 'BRAND': 0.0, 'BOTH': 0.24}",4500,openai,gpt-4o-mini
439.0,기타의 조직세포의 치료 및 진단,3,8,"{'MAIN': 0.34, 'BRAND': 0.31, 'BOTH': 0.35}",8202,openai,gpt-4o-mini
439.0,기타의 조직세포의 치료 및 진단,5,0,"{'MAIN': 0.36, 'BRAND': 0.38, 'BOTH': 0.26}",6937,openai,gpt-4o-mini
611.0,주로 그람양성균에 작용하는 것,0,0,"{'MAIN': 0.7, 'BRAND': 0.0, 'BOTH': 0.3}",4500,openai,gpt-4o-mini
611.0,주로 그람양성균에 작용하는 것,0,0,"{'MAIN': 0.75, 'BRAND': 0.0, 'BOTH': 0.25}",4202,openai,gpt-4o-mini
611.0,주로 그람양성균에 작용하는 것,0,1,"{'MAIN': 0.75, 'BRAND': 0.0, 'BOTH': 0.25}",5733,openai,gpt-4o-mini
611.0,주로 그람양성균에 작용하는 것,0,5,"{'MAIN': 0.7, 'BRAND': 0.0, 'BOTH': 0.3}",5515,openai,gpt-4o-mini
612.0,주로 그람음성균에 작용하는 것,0,3,"{'MAIN': 0.74, 'BRAND': 0.0, 'BOTH': 0.26}",4672,openai,gpt-4o-mini
611.0,주로 그람양성균에 작용하는 것,0,5,"{'MAIN': 0.76, 'BRAND': 0.0, 'BOTH': 0.24}",6032,openai,gpt-4o-mini
612.0,주로 그람음성균에 작용하는 것,0,4,"{'MAIN': 0.75, 'BRAND': 0.0, 'BOTH': 0.25}",4984,openai,gpt-4o-mini
613.0,주로 항산성균에 작용하는 것,0,4,"{'MAIN': 0.73, 'BRAND': 0.0, 'BOTH': 0.27}",3342,openai,gpt-4o-mini
612.0,주로 그람음성균에 작용하는 것,0,5,"{'MAIN': 0.79, 'BRAND': 0.0, 'BOTH': 0.21}",9093,openai,gpt-4o-mini
613.0,주로 항산성균에 작용하는 것,1,3,"{'MAIN': 0.41, 'BRAND': 0.39, 'BOTH': 0.2}",4766,openai,gpt-4o-mini
613.0,주로 항산성균에 작용하는 것,0,5,"{'MAIN': 0.73, 'BRAND': 0.0, 'BOTH': 0.27}",4312,openai,gpt-4o-mini
614.0,"주로 그람양성균, 리케치아, 비루스에 작용하는 것",0,5,"{'MAIN': 0.73, 'BRAND': 0.0, 'BOTH': 0.27}",6515,openai,gpt-4o-mini
614.0,"주로 그람양성균, 리케치아, 비루스에 작용하는 것",0,0,"{'MAIN': 0.71, 'BRAND': 0.0, 'BOTH': 0.29}",4359,openai,gpt-4o-mini
614.0,"주로 그람양성균, 리케치아, 비루스에 작용하는 것",0,0,"{'MAIN': 0.77, 'BRAND': 0.0, 'BOTH': 0.23}",4688,openai,gpt-4o-mini
616.0,"주로 곰팡이, 원충에 작용하는 것",0,5,"{'MAIN': 0.75, 'BRAND': 0.0, 'BOTH': 0.25}",4405,openai,gpt-4o-mini
617.0,주로 악성종양에 작용하는 것,0,4,"{'MAIN': 0.75, 'BRAND': 0.0, 'BOTH': 0.25}",4344,openai,gpt-4o-mini
615.0,"주로 그람음성균, 리케치아, 비루스에 작용하는 것",0,0,"{'MAIN': 0.71, 'BRAND': 0.0, 'BOTH': 0.29}",5422,openai,gpt-4o-mini
617.0,주로 악성종양에 작용하는 것,0,2,"{'MAIN': 0.7, 'BRAND': 0.0, 'BOTH': 0.3}",3390,openai,gpt-4o-mini
617.0,주로 악성종양에 작용하는 것,0,4,"{'MAIN': 0.76, 'BRAND': 0.0, 'BOTH': 0.24}",4484,openai,gpt-4o-mini
618.0,"주로 그람양성, 음성균에 작용하는 것",0,1,"{'MAIN': 0.77, 'BRAND': 0.0, 'BOTH': 0.23}",4015,openai,gpt-4o-mini
618.0,"주로 그람양성, 음성균에 작용하는 것",0,5,"{'MAIN': 0.78, 'BRAND': 0.0, 'BOTH': 0.22}",4843,openai,gpt-4o-mini
618.0,"주로 그람양성, 음성균에 작용하는 것",0,0,"{'MAIN': 0.78, 'BRAND': 0.0, 'BOTH': 0.22}",4422,openai,gpt-4o-mini
618.0,"주로 그람양성, 음성균에 작용하는 것",0,5,"{'MAIN': 0.76, 'BRAND': 0.0, 'BOTH': 0.24}",5500,openai,gpt-4o-mini
618.0,"주로 그람양성, 음성균에 작용하는 것",0,0,"{'MAIN': 0.78, 'BRAND': 0.0, 'BOTH': 0.22}",4406,openai,gpt-4o-mini
618.0,"주로 그람양성, 음성균에 작용하는 것",0,0,"{'MAIN': 0.72, 'BRAND': 0.0, 'BOTH': 0.28}",3453,openai,gpt-4o-mini
618.0,"주로 그람양성, 음성균에 작용하는 것",0,0,"{'MAIN': 0.75, 'BRAND': 0.0, 'BOTH': 0.25}",4187,openai,gpt-4o-mini
618.0,"주로 그람양성, 음성균에 작용하는 것",0,3,"{'MAIN': 0.79, 'BRAND': 0.0, 'BOTH': 0.21}",4015,openai,gpt-4o-mini
618.0,"주로 그람양성, 음성균에 작용하는 것",0,0,"{'MAIN': 0.8, 'BRAND': 0.0, 'BOTH': 0.2}",3452,openai,gpt-4o-mini
618.0,"주로 그람양성, 음성균에 작용하는 것",0,1,"{'MAIN': 0.73, 'BRAND': 0.0, 'BOTH': 0.27}",4250,openai,gpt-4o-mini
621.0,설화제,0,5,"{'MAIN': 0.75, 'BRAND': 0.0, 'BOTH': 0.25}",4827,openai,gpt-4o-mini
621.0,설화제,0,4,"{'MAIN': 0.8, 'BRAND': 0.0, 'BOTH': 0.2}",3766,openai,gpt-4o-mini
619.0,기타의 항생물질 제제(복합항생물질제제를 포함),0,0,"{'MAIN': 0.76, 'BRAND': 0.0, 'BOTH': 0.24}",6468,openai,gpt-4o-mini
622.0,항결핵제,1,3,"{'MAIN': 0.43, 'BRAND': 0.34, 'BOTH': 0.23}",4030,openai,gpt-4o-mini
621.0,설화제,0,5,"{'MAIN': 0.74, 'BRAND': 0.0, 'BOTH': 0.26}",5780,openai,gpt-4o-mini
622.0,항결핵제,1,6,"{'MAIN': 0.42, 'BRAND': 0.33, 'BOTH': 0.25}",5405,openai,gpt-4o-mini
622.0,항결핵제,1,3,"{'MAIN': 0.37, 'BRAND': 0.33, 'BOTH': 0.3}",4422,openai,gpt-4o-mini
623.0,치나제,0,4,"{'MAIN': 0.77, 'BRAND': 0.0, 'BOTH': 0.23}",4686,openai,gpt-4o-mini
629.0,기타의 화학료법제,0,5,"{'MAIN': 0.77, 'BRAND': 0.0, 'BOTH': 0.23}",4391,openai,gpt-4o-mini
629.0,기타의 화학료법제,0,0,"{'MAIN': 0.74, 'BRAND': 0.0, 'BOTH': 0.26}",4109,openai,gpt-4o-mini
629.0,기타의 화학료법제,1,2,"{'MAIN': 0.39, 'BRAND': 0.34, 'BOTH': 0.27}",5907,openai,gpt-4o-mini
629.0,기타의 화학료법제,1,0,"{'MAIN': 0.42, 'BRAND': 0.39, 'BOTH': 0.19}",7422,openai,gpt-4o-mini
629.0,기타의 화학료법제,0,1,"{'MAIN': 0.71, 'BRAND': 0.0, 'BOTH': 0.29}",4093,openai,gpt-4o-mini
629.0,기타의 화학료법제,0,0,"{'MAIN': 0.75, 'BRAND': 0.0, 'BOTH': 0.25}",4454,openai,gpt-4o-mini
629.0,기타의 화학료법제,0,4,"{'MAIN': 0.7, 'BRAND': 0.0, 'BOTH': 0.3}",4921,openai,gpt-4o-mini
629.0,기타의 화학료법제,0,5,"{'MAIN': 0.77, 'BRAND': 0.0, 'BOTH': 0.23}",3937,openai,gpt-4o-mini
629.0,기타의 화학료법제,0,5,"{'MAIN': 0.72, 'BRAND': 0.0, 'BOTH': 0.28}",4484,openai,gpt-4o-mini
629.0,기타의 화학료법제,0,5,"{'MAIN': 0.8, 'BRAND': 0.0, 'BOTH': 0.2}",4062,openai,gpt-4o-mini
629.0,기타의 화학료법제,0,4,"{'MAIN': 0.74, 'BRAND': 0.0, 'BOTH': 0.26}",4202,openai,gpt-4o-mini
629.0,기타의 화학료법제,1,6,"{'MAIN': 0.36, 'BRAND': 0.39, 'BOTH': 0.25}",6015,openai,gpt-4o-mini
629.0,기타의 화학료법제,0,5,"{'MAIN': 0.8, 'BRAND': 0.0, 'BOTH': 0.2}",3922,openai,gpt-4o-mini
629.0,기타의 화학료법제,1,5,"{'MAIN': 0.43, 'BRAND': 0.38, 'BOTH': 0.19}",3936,openai,gpt-4o-mini
629.0,기타의 화학료법제,0,3,"{'MAIN': 0.78, 'BRAND': 0.0, 'BOTH': 0.22}",3922,openai,gpt-4o-mini
629.0,기타의 화학료법제,0,5,"{'MAIN': 0.71, 'BRAND': 0.0, 'BOTH': 0.29}",2765,openai,gpt-4o-mini
629.0,기타의 화학료법제,0,6,"{'MAIN': 0.76, 'BRAND': 0.0, 'BOTH': 0.24}",5655,openai,gpt-4o-mini
629.0,기타의 화학료법제,0,0,"{'MAIN': 0.8, 'BRAND': 0.0, 'BOTH': 0.2}",4312,openai,gpt-4o-mini
629.0,기타의 화학료법제,0,0,"{'MAIN': 0.7, 'BRAND': 0.0, 'BOTH': 0.3}",4297,openai,gpt-4o-mini
629.0,기타의 화학료법제,0,4,"{'MAIN': 0.76, 'BRAND': 0.0, 'BOTH': 0.24}",3984,openai,gpt-4o-mini
629.0,기타의 화학료법제,0,5,"{'MAIN': 0.74, 'BRAND': 0.0, 'BOTH': 0.26}",12515,openai,gpt-4o-mini
629.0,기타의 화학료법제,0,0,"{'MAIN': 0.76, 'BRAND': 0.0, 'BOTH': 0.24}",5657,openai,gpt-4o-mini
629.0,기타의 화학료법제,0,0,"{'MAIN': 0.74, 'BRAND': 0.0, 'BOTH': 0.26}",4625,openai,gpt-4o-mini
629.0,기타의 화학료법제,0,5,"{'MAIN': 0.79, 'BRAND': 0.0, 'BOTH': 0.21}",6062,openai,gpt-4o-mini
629.0,기타의 화학료법제,0,2,"{'MAIN': 0.75, 'BRAND': 0.0, 'BOTH': 0.25}",6391,openai,gpt-4o-mini
629.0,기타의 화학료법제,1,5,"{'MAIN': 0.41, 'BRAND': 0.32, 'BOTH': 0.27}",5296,openai,gpt-4o-mini
629.0,기타의 화학료법제,0,0,"{'MAIN': 0.78, 'BRAND': 0.0, 'BOTH': 0.22}",3406,openai,gpt-4o-mini
629.0,기타의 화학료법제,0,0,"{'MAIN': 0.72, 'BRAND': 0.0, 'BOTH': 0.28}",3859,openai,gpt-4o-mini
629.0,기타의 화학료법제,0,5,"{'MAIN': 0.76, 'BRAND': 0.0, 'BOTH': 0.24}",4375,openai,gpt-4o-mini
629.0,기타의 화학료법제,0,4,"{'MAIN': 0.74, 'BRAND': 0.0, 'BOTH': 0.26}",4797,openai,gpt-4o-mini
629.0,기타의 화학료법제,0,0,"{'MAIN': 0.78, 'BRAND': 0.0, 'BOTH': 0.22}",3202,openai,gpt-4o-mini
629.0,기타의 화학료법제,0,2,"{'MAIN': 0.77, 'BRAND': 0.0, 'BOTH': 0.23}",4312,openai,gpt-4o-mini
629.0,기타의 화학료법제,0,4,"{'MAIN': 0.74, 'BRAND': 0.0, 'BOTH': 0.26}",3859,openai,gpt-4o-mini
629.0,기타의 화학료법제,0,5,"{'MAIN': 0.78, 'BRAND': 0.0, 'BOTH': 0.22}",4077,openai,gpt-4o-mini
629.0,기타의 화학료법제,0,3,"{'MAIN': 0.77, 'BRAND': 0.0, 'BOTH': 0.23}",5296,openai,gpt-4o-mini
631.0,백신류,0,3,"{'MAIN': 0.78, 'BRAND': 0.0, 'BOTH': 0.22}",5515,openai,gpt-4o-mini
632.0,독소류 및 톡소이드류,0,6,"{'MAIN': 0.8, 'BRAND': 0.0, 'BOTH': 0.2}",4608,openai,gpt-4o-mini
634.0,혈액제제류,0,4,"{'MAIN': 0.74, 'BRAND': 0.0, 'BOTH': 0.26}",3312,openai,gpt-4o-mini
632.0,독소류 및 톡소이드류,0,1,"{'MAIN': 0.79, 'BRAND': 0.0, 'BOTH': 0.21}",6234,openai,gpt-4o-mini
634.0,혈액제제류,1,3,"{'MAIN': 0.41, 'BRAND': 0.31, 'BOTH': 0.28}",5609,openai,gpt-4o-mini
633.0,항독소 및 렙토스피라혈청류,0,5,"{'MAIN': 0.7, 'BRAND': 0.0, 'BOTH': 0.3}",6327,openai,gpt-4o-mini
634.0,혈액제제류,0,5,"{'MAIN': 0.73, 'BRAND': 0.0, 'BOTH': 0.27}",3922,openai,gpt-4o-mini
634.0,혈액제제류,0,6,"{'MAIN': 0.71, 'BRAND': 0.0, 'BOTH': 0.29}",5702,openai,gpt-4o-mini
634.0,혈액제제류,0,4,"{'MAIN': 0.73, 'BRAND': 0.0, 'BOTH': 0.27}",3500,openai,gpt-4o-mini
634.0,혈액제제류,0,9,"{'MAIN': 0.74, 'BRAND': 0.0, 'BOTH': 0.26}",8045,openai,gpt-4o-mini
634.0,혈액제제류,0,6,"{'MAIN': 0.74, 'BRAND': 0.0, 'BOTH': 0.26}",6062,openai,gpt-4o-mini
634.0,혈액제제류,0,8,"{'MAIN': 0.74, 'BRAND': 0.0, 'BOTH': 0.26}",4375,openai,gpt-4o-mini
634.0,혈액제제류,0,7,"{'MAIN': 0.74, 'BRAND': 0.0, 'BOTH': 0.26}",7375,openai,gpt-4o-mini
634.0,혈액제제류,0,2,"{'MAIN': 0.76, 'BRAND': 0.0, 'BOTH': 0.24}",4281,openai,gpt-4o-mini
634.0,혈액제제류,0,5,"{'MAIN': 0.72, 'BRAND': 0.0, 'BOTH': 0.28}",4250,openai,gpt-4o-mini
634.0,혈액제제류,2,6,"{'MAIN': 0.38, 'BRAND': 0.39, 'BOTH': 0.23}",7094,openai,gpt-4o-mini
634.0,혈액제제류,0,5,"{'MAIN': 0.74, 'BRAND': 0.0, 'BOTH': 0.26}",3640,openai,gpt-4o-mini
634.0,혈액제제류,1,4,"{'MAIN': 0.37, 'BRAND': 0.35, 'BOTH': 0.28}",4109,openai,gpt-4o-mini
636.0,생물학적 제제,0,4,"{'MAIN': 0.76, 'BRAND': 0.0, 'BOTH': 0.24}",3593,openai,gpt-4o-mini
635.0,생물학적 시험용제제류,0,0,"{'MAIN': 0.74, 'BRAND': 0.0, 'BOTH': 0.26}",5359,openai,gpt-4o-mini
639.0,기타의 생물학적 제제,0,5,"{'MAIN': 0.76, 'BRAND': 0.0, 'BOTH': 0.24}",4030,openai,gpt-4o-mini
639.0,기타의 생물학적 제제,0,0,"{'MAIN': 0.77, 'BRAND': 0.0, 'BOTH': 0.23}",4750,openai,gpt-4o-mini
639.0,기타의 생물학적 제제,0,5,"{'MAIN': 0.78, 'BRAND': 0.0, 'BOTH': 0.22}",4172,openai,gpt-4o-mini
639.0,기타의 생물학적 제제,0,5,"{'MAIN': 0.74, 'BRAND': 0.0, 'BOTH': 0.26}",4812,openai,gpt-4o-mini
639.0,기타의 생물학적 제제,0,0,"{'MAIN': 0.74, 'BRAND': 0.0, 'BOTH': 0.26}",4687,openai,gpt-4o-mini
639.0,기타의 생물학적 제제,0,0,"{'MAIN': 0.76, 'BRAND': 0.0, 'BOTH': 0.24}",4750,openai,gpt-4o-mini
641.0,항원충제,0,4,"{'MAIN': 0.75, 'BRAND': 0.0, 'BOTH': 0.25}",3812,openai,gpt-4o-mini
641.0,항원충제,0,5,"{'MAIN': 0.74, 'BRAND': 0.0, 'BOTH': 0.26}",3795,openai,gpt-4o-mini
641.0,항원충제,0,4,"{'MAIN': 0.7, 'BRAND': 0.0, 'BOTH': 0.3}",5812,openai,gpt-4o-mini
641.0,항원충제,0,4,"{'MAIN': 0.74, 'BRAND': 0.0, 'BOTH': 0.26}",3890,openai,gpt-4o-mini
721.0,X선조영제,0,5,"{'MAIN': 0.72, 'BRAND': 0.0, 'BOTH': 0.28}",2891,openai,gpt-4o-mini
641.0,항원충제,0,4,"{'MAIN': 0.78, 'BRAND': 0.0, 'BOTH': 0.22}",5047,openai,gpt-4o-mini
721.0,X선조영제,0,4,"{'MAIN': 0.73, 'BRAND': 0.0, 'BOTH': 0.27}",5625,openai,gpt-4o-mini
729.0,기타의 진단용약,0,2,"{'MAIN': 0.79, 'BRAND': 0.0, 'BOTH': 0.21}",4125,openai,gpt-4o-mini
721.0,X선조영제,1,3,"{'MAIN': 0.37, 'BRAND': 0.32, 'BOTH': 0.31}",5359,openai,gpt-4o-mini
729.0,기타의 진단용약,0,5,"{'MAIN': 0.79, 'BRAND': 0.0, 'BOTH': 0.21}",5125,openai,gpt-4o-mini
729.0,기타의 진단용약,0,3,"{'MAIN': 0.72, 'BRAND': 0.0, 'BOTH': 0.28}",5781,openai,gpt-4o-mini
821.0,합성마약,0,4,"{'MAIN': 0.8, 'BRAND': 0.0, 'BOTH': 0.2}",3452,openai,gpt-4o-mini
811.0,아편알카로이드계 제제,1,3,"{'MAIN': 0.36, 'BRAND': 0.36, 'BOTH': 0.28}",6000,openai,gpt-4o-mini
639.0,기타의 생물학적 제제,3,2,"{'MAIN': 0.38, 'BRAND': 0.35, 'BOTH': 0.27}",22359,openai,gpt-4o-mini
821.0,합성마약,1,4,"{'MAIN': 0.42, 'BRAND': 0.36, 'BOTH': 0.22}",5311,openai,gpt-4o-mini
821.0,합성마약,0,5,"{'MAIN': 0.72, 'BRAND': 0.0, 'BOTH': 0.28}",4672,openai,gpt-4o-mini
821.0,합성마약,0,4,"{'MAIN': 0.76, 'BRAND': 0.0, 'BOTH': 0.24}",3500,openai,gpt-4o-mini
821.0,합성마약,0,4,"{'MAIN': 0.72, 'BRAND': 0.0, 'BOTH': 0.28}",6811,openai,gpt-4o-mini
일반사항_같은_날에_2가지_이상_기준처방_동시_투약시__97714efa,같은 날에 2가지 이상 기준처방 동시 투약시 인정여부,0,0,"{'MAIN': 0.78, 'BRAND': 0.0, 'BOTH': 0.22}",5407,openai,gpt-4o-mini
일반사항_급여_한약제의_제형_변형에_따른_인정_범주_66aa0c83,급여 한약제의 제형 변형에 따른 인정 범주,0,0,"{'MAIN': 0.72, 'BRAND': 0.0, 'BOTH': 0.28}",5109,openai,gpt-4o-mini
갈근탕_eaee14d3,갈근탕,0,5,"{'MAIN': 0.74, 'BRAND': 0.0, 'BOTH': 0.26}",3734,openai,gpt-4o-mini
가미소요산_b2d166d3,가미소요산,0,5,"{'MAIN': 0.77, 'BRAND': 0.0, 'BOTH': 0.23}",4530,openai,gpt-4o-mini
일반사항_처방별_적응증_8fb8f12c,처방별 적응증,0,3,"{'MAIN': 0.71, 'BRAND': 0.0, 'BOTH': 0.29}",5157,openai,gpt-4o-mini
갈근해기탕_144e85c0,갈근해기탕,0,6,"{'MAIN': 0.72, 'BRAND': 0.0, 'BOTH': 0.28}",4516,openai,gpt-4o-mini
구미강활탕_09ddb755,구미강활탕,0,5,"{'MAIN': 0.71, 'BRAND': 0.0, 'BOTH': 0.29}",4015,openai,gpt-4o-mini
궁소산_4f8d9169,궁소산,0,5,"{'MAIN': 0.77, 'BRAND': 0.0, 'BOTH': 0.23}",4562,openai,gpt-4o-mini
궁하탕_01b84ec9,궁하탕,0,6,"{'MAIN': 0.76, 'BRAND': 0.0, 'BOTH': 0.24}",4702,openai,gpt-4o-mini
당귀연교음_503ee72a,당귀연교음,0,5,"{'MAIN': 0.79, 'BRAND': 0.0, 'BOTH': 0.21}",4406,openai,gpt-4o-mini
당귀육황탕_ff718d31,당귀육황탕,0,5,"{'MAIN': 0.72, 'BRAND': 0.0, 'BOTH': 0.28}",3983,openai,gpt-4o-mini
내소산_b4d0af23,내소산,0,9,"{'MAIN': 0.71, 'BRAND': 0.0, 'BOTH': 0.29}",6405,openai,gpt-4o-mini
대시호탕_08416897,대시호탕,0,6,"{'MAIN': 0.78, 'BRAND': 0.0, 'BOTH': 0.22}",4500,openai,gpt-4o-mini
대청룡탕_e8bd6692,대청룡탕,0,5,"{'MAIN': 0.74, 'BRAND': 0.0, 'BOTH': 0.26}",3750,openai,gpt-4o-mini
대황목단_피탕_c5fb32ca,대황목단 피탕,0,4,"{'MAIN': 0.77, 'BRAND': 0.0, 'BOTH': 0.23}",5452,openai,gpt-4o-mini
반하백출_천마탕_032cc088,반하백출 천마탕,0,5,"{'MAIN': 0.79, 'BRAND': 0.0, 'BOTH': 0.21}",4454,openai,gpt-4o-mini
대화중음_94c7d825,대화중음,0,0,"{'MAIN': 0.8, 'BRAND': 0.0, 'BOTH': 0.2}",7342,openai,gpt-4o-mini
반하사심탕_f7be07c2,반하사심탕,0,6,"{'MAIN': 0.75, 'BRAND': 0.0, 'BOTH': 0.25}",4984,openai,gpt-4o-mini
반하후박탕_191f5476,반하후박탕,0,6,"{'MAIN': 0.76, 'BRAND': 0.0, 'BOTH': 0.24}",4717,openai,gpt-4o-mini
보중익기탕_fd939f40,보중익기탕,0,5,"{'MAIN': 0.79, 'BRAND': 0.0, 'BOTH': 0.21}",4280,openai,gpt-4o-mini
백출탕_e138c7e8,백출탕,0,6,"{'MAIN': 0.77, 'BRAND': 0.0, 'BOTH': 0.23}",4780,openai,gpt-4o-mini
도인승기탕_44560768,도인승기탕,0,9,"{'MAIN': 0.78, 'BRAND': 0.0, 'BOTH': 0.22}",9688,openai,gpt-4o-mini
보허탕_48c313d8,보허탕,0,6,"{'MAIN': 0.73, 'BRAND': 0.0, 'BOTH': 0.27}",4922,openai,gpt-4o-mini
복령보심탕_737a72be,복령보심탕,0,6,"{'MAIN': 0.75, 'BRAND': 0.0, 'BOTH': 0.25}",5187,openai,gpt-4o-mini
불환금_정기산_605ba0f2,불환금 정기산,0,5,"{'MAIN': 0.72, 'BRAND': 0.0, 'BOTH': 0.28}",5954,openai,gpt-4o-mini
삼호작약탕_0cfb3f12,삼호작약탕,0,6,"{'MAIN': 0.78, 'BRAND': 0.0, 'BOTH': 0.22}",4358,openai,gpt-4o-mini
삼출건비탕_4f74313c,삼출건비탕,0,5,"{'MAIN': 0.7, 'BRAND': 0.0, 'BOTH': 0.3}",4891,openai,gpt-4o-mini
삼소음_37185c2c,삼소음,0,9,"{'MAIN': 0.76, 'BRAND': 0.0, 'BOTH': 0.24}",6078,openai,gpt-4o-mini
삼황사심탕_c12d3f14,삼황사심탕,0,6,"{'MAIN': 0.8, 'BRAND': 0.0, 'BOTH': 0.2}",5594,openai,gpt-4o-mini
생맥산_0c5c8e03,생맥산,0,7,"{'MAIN': 0.76, 'BRAND': 0.0, 'BOTH': 0.24}",5547,openai,gpt-4o-mini
소시호탕_삼금탕_b641327c,소시호탕 (삼금탕),0,0,"{'MAIN': 0.75, 'BRAND': 0.0, 'BOTH': 0.25}",5109,openai,gpt-4o-mini
소청룡탕_7fb9e8c1,소청룡탕,0,7,"{'MAIN': 0.79, 'BRAND': 0.0, 'BOTH': 0.21}",5609,openai,gpt-4o-mini
시경반하탕_8b87f771,시경반하탕,0,6,"{'MAIN': 0.78, 'BRAND': 0.0, 'BOTH': 0.22}",5171,openai,gpt-4o-mini
승양보위탕_dbc7a65f,승양보위탕,0,9,"{'MAIN': 0.76, 'BRAND': 0.0, 'BOTH': 0.24}",7077,openai,gpt-4o-mini
시호소간탕_cf961165,시호소간탕,0,2,"{'MAIN': 0.78, 'BRAND': 0.0, 'BOTH': 0.22}",5218,openai,gpt-4o-mini
시호청간탕_b1679bde,시호청간탕,0,7,"{'MAIN': 0.76, 'BRAND': 0.0, 'BOTH': 0.24}",5561,openai,gpt-4o-mini
연교패독산_5ad5319f,연교패독산,0,6,"{'MAIN': 0.77, 'BRAND': 0.0, 'BOTH': 0.23}",4312,openai,gpt-4o-mini
안태음_9381727e,안태음,0,1,"{'MAIN': 0.78, 'BRAND': 0.0, 'BOTH': 0.22}",5140,openai,gpt-4o-mini
시호계지탕_e61dfab2,시호계지탕,0,9,"{'MAIN': 0.72, 'BRAND': 0.0, 'BOTH': 0.28}",9047,openai,gpt-4o-mini
오림산_f7f71845,오림산,0,7,"{'MAIN': 0.72, 'BRAND': 0.0, 'BOTH': 0.28}",4812,openai,gpt-4o-mini
오적산_ebc297ab,오적산,0,9,"{'MAIN': 0.75, 'BRAND': 0.0, 'BOTH': 0.25}",6281,openai,gpt-4o-mini
이중탕_0598d2f4,이중탕,0,5,"{'MAIN': 0.8, 'BRAND': 0.0, 'BOTH': 0.2}",5609,openai,gpt-4o-mini
익위승양탕_d2ab6935,익위승양탕,0,5,"{'MAIN': 0.75, 'BRAND': 0.0, 'BOTH': 0.25}",3625,openai,gpt-4o-mini
이진탕_549f8fe4,이진탕,0,6,"{'MAIN': 0.77, 'BRAND': 0.0, 'BOTH': 0.23}",4172,openai,gpt-4o-mini
인진호탕_ac5084da,인진호탕,0,5,"{'MAIN': 0.79, 'BRAND': 0.0, 'BOTH': 0.21}",4577,openai,gpt-4o-mini
인삼패독산_86aa9864,인삼패독산,0,6,"{'MAIN': 0.79, 'BRAND': 0.0, 'BOTH': 0.21}",5327,openai,gpt-4o-mini
조위승기탕_5998cf1d,조위승기탕,0,7,"{'MAIN': 0.78, 'BRAND': 0.0, 'BOTH': 0.22}",3687,openai,gpt-4o-mini
청서익기탕_225ecbc8,청서익기탕,0,6,"{'MAIN': 0.72, 'BRAND': 0.0, 'BOTH': 0.28}",4500,openai,gpt-4o-mini
청상견통탕_cfe77f65,청상견통탕,0,5,"{'MAIN': 0.74, 'BRAND': 0.0, 'BOTH': 0.26}",4952,openai,gpt-4o-mini
청위산_6807ee4d,청위산,0,5,"{'MAIN': 0.74, 'BRAND': 0.0, 'BOTH': 0.26}",3672,openai,gpt-4o-mini
자음강화탕_2bd53c4f,자음강화탕,0,8,"{'MAIN': 0.7, 'BRAND': 0.0, 'BOTH': 0.3}",7296,openai,gpt-4o-mini
팔물탕_565e99e8,팔물탕,0,6,"{'MAIN': 0.75, 'BRAND': 0.0, 'BOTH': 0.25}",4765,openai,gpt-4o-mini
황금작약탕_ffab6c81,황금작약탕,0,5,"{'MAIN': 0.75, 'BRAND': 0.0, 'BOTH': 0.25}",3952,openai,gpt-4o-mini
향사평위산_b7cb5719,향사평위산,0,6,"{'MAIN': 0.79, 'BRAND': 0.0, 'BOTH': 0.21}",4922,openai,gpt-4o-mini
행소탕산_ed4bec62,행소탕(산),0,7,"{'MAIN': 0.75, 'BRAND': 0.0, 'BOTH': 0.25}",6030,openai,gpt-4o-mini
형개연교탕_d5b87f0d,형개연교탕,0,5,"{'MAIN': 0.73, 'BRAND': 0.0, 'BOTH': 0.27}",4092,openai,gpt-4o-mini
평위산_7bae6883,평위산,0,7,"{'MAIN': 0.78, 'BRAND': 0.0, 'BOTH': 0.22}",8187,openai,gpt-4o-mini
황련해독탕_d945f613,황련해독탕,0,5,"{'MAIN': 0.71, 'BRAND': 0.0, 'BOTH': 0.29}",5797,openai,gpt-4o-mini
회춘양격산_03745f4d,회춘양격산,0,6,"{'MAIN': 0.7, 'BRAND': 0.0, 'BOTH': 0.3}",4625,openai,gpt-4o-mini
심사지침_만성_호흡기_질환에_장기_투여된_macroli_2ad805ac,만성 호흡기 질환에 장기 투여된 macrolide 계열 제제 인정여부,0,0,"{'MAIN': 0.78, 'BRAND': 0.0, 'BOTH': 0.22}",5172,openai,gpt-4o-mini
심사지침_폐계면활성제Lung_surfactant_주사제_3ac80e59,폐계면활성제(Lung surfactant) 주사제의 인정기준,0,0,"{'MAIN': 0.74, 'BRAND': 0.0, 'BOTH': 0.26}",5515,openai,gpt-4o-mini
심사지침_급성_심재성_정맥혈전증_상병에_투여하는_프라그_470af50b,급성 심재성 정맥혈전증 상병에 투여하는 프라그민(주)의 인정기준,0,0,"{'MAIN': 0.78, 'BRAND': 0.0, 'BOTH': 0.22}",6422,openai,gpt-4o-mini
심사지침_류마티스질환에서_TNFα_inhibitor_제_8c7652ca,류마티스질환에서 TNF-α inhibitor 제제 (품명 : 엔브렐주사 등)를 휴약 후 재 투여 시 적용기준,1,0,"{'MAIN': 0.41, 'BRAND': 0.35, 'BOTH': 0.24}",6657,openai,gpt-4o-mini
